text,state
Genial.,1
"Todos los servicios de HDI son siempre eficientes y ágiles, dándoles a los clientes la mayor protección posible.",1
"En caso de problemas, todas las indemnizaciones serán de forma inmediata y directa.",1
Puede cotizar su seguro a través de la página web del banco en minutos.,1
La protección de su patrimonio es el principal objetivo de la institución en todo momento.,1
Las distintas formas de atención al cliente funcionan sin burocracias y con respuestas muy ágiles.,1
Esta es una de las mayores empresas de seguros de América y el mundo por eso siempre puede dar las mejores respuestas.,1
"Cuando ocurre algún tipo de accidente, esta es la aseguradora que con mayor rapidez puede otorgar las indemnizaciones a los clientes.",1
Los precios de los programas de Mapfre son siempre bajos con descuentos diarios.,1
Esta empresa es garantía de tranquilidad con su auto en cualquier lugar donde se encuentre ya que su asistencia es siempre inmediata.,1
Tiene disponibles los medios de pago más fáciles y cómodos para que nunca tenga burocracias.,1
Todos los beneficios pueden ser utilizados de forma directa sin problemas.,1
"Si busca confiabilidad y accionar responsable, Mapfre es la entidad más recomendable.",1
"Si usted debe recibir respuestas por algún accidente como, por ejemplo, con una indemnización ella es liberada de forma inmediata.",1
El respaldo en la calle a usted con su vehículo por parte de la entidad es total en todo momento.,1
Todos los funcionarios profesionales de esta empresa trabajan arduamente todos los días para darle las mejores indemnizaciones cuando ocurran accidentes.,1
El contrato de seguro es realizado en cuestión de minutos sin demoras.,1
Todos los funcionarios profesionales de esta empresa trabajan arduamente todos los días para darle las mejores indemnizaciones cuando ocurran accidentes.,1
"Podrá simular y adquirir la mayoría de los seguros por medio de la página web de la aseguradora, siendo un proceso muy fácil y simple.",1
"Mapfre es una entidad en donde siempre se va a encontrar con integridad, solvencia, y un equipo sumamente responsable para darle las mejores respuestas.",1
"Teniendo presencia en muchos países del mundo, en donde se encuentre, siempre va a tener el apoyo y asistencia que necesite.",1
Si usted tiene alguna duda todos los funcionarios correspondientes pueden ponerse en contacto con usted y asesorarlo sin compromiso alguno.,1
En Mapfre podemos encontrar los seguros más económicos del mercado sin ninguna duda.,1
"Sus respuestas y asistencias en las calles son muy buenas, porque son de forma inmediata.",1
Si tiene accidentes y recibe indemnización puede reparar sus vehículos en los talleres afiliados que trabajan con la mayor profesionalidad y rapidez.,1
"La página web de esta empresa es una de las mejores ya que puede ver datos, cotizar y también comprar de forma online.",1
"La honestidad de todos los funcionarios de la institución es total, teniendo así usted siempre absoluta seguridad.",1
"Mapfre es un grupo económico, que cuenta con un respaldo no sólo nacional sino que también internacional para darle a usted las mejores respuestas siempre.",1
"El valor de su seguro, contará todos los meses con muy buenas promociones sin problemas.",1
"Con los excelentes convenios que tiene esta aseguradora con los bancos, usted podrá pagar siempre con tarjeta de crédito.",1
"Si usted solicitar el plan que desee y cumple los requisitos, en minutos comienza a estar en vigencia su póliza.",1
A partir del primer día de vigencia de su póliza podrá utilizar todos los beneficios y tener las mejores indemnizaciones.,1
La atención y asistencia en la vía pública por todos los medios posibles de esta empresa es excelente.,1
Puede financiar su seguro de 1 a 4 cupones sin tener ningún tipo de interés.,1
Es garantía de seguridad y respuestas inmediatas cada una de las coberturas de Mapfre.,1
La honestidad es absoluta por parte de los empleados profesionales a la hora de brindarle información de los servicios disponibles.,1
Seguridad y tranquilidad en la calle es algo que con total certeza va a tener en la calle con su seguro de Mapfre.,1
"Actuación inmediata es lo que tiene esta empresa y de esa forma, sus respuestas son en minutos.",1
"Los auxilios mecánicos, grúas y todo tipo de asistencia llega al lugar donde se encuentra el asegurado de forma muy rápida.",1
"Podrá pagar su seguro en cuotas sin tener ningún tipo de interés o recargo adicional, además de los precios mínimos.",1
"En todo momento, y principalmente cuando deba recibir indemnizaciones usted, la empresa va a actuar con mucha rapidez y simpleza.",1
"Tiene Mapfre una de las mejores página web, donde no sólo puede cotizar si no que también comprar seguros.",1
Total honestidad usted tiene por parte de los profesionales que trabajan en cada una de las oficinas de esta empresa.,1
"Si usted es acreedor de una indemnización por accidentes, la misma puede ser otorga de forma muy rápida.",1
"Esta entidad cuenta con muy buenos talleres afiliados, en los cuáles puede realizar las mejores reparaciones de su auto cuando las necesite.",1
En todas las regiones Mapfre tiene presencia con excelentes corredores que pueden darle las mejores respuestas.,1
Integralmente toda la empresa siempre trabaja para que usted logre tener total tranquilidad en la calle con su vehículo.,1
"Una característica del funcionamiento de la empresa es que además de tener actuación muy confiable, en caso de accidentes tiene indemnizaciones muy rápidas.",1
Es una aseguradora con una solidez importante a la hora de otorgar indemnizaciones y una de las razones es por tener presencia en todas las ciudades del país.,1
Honestidad es uno de los valores más importante que tienen todos los funcionarios de las distintas sucursales en el país.,1
Es una de las cosas más importantes poder contar con tasas mínimas de interés como las que solamente esta empresa puede dar.,1
"Tranquilidad y seguridad, eso es lo que siente toda persona que contrata un seguro de esta empresa.",1
"La asistencia con grúas, auxilios o asesores, es siempre sin burocracias, muy rápida.",1
Va a contar con reparaciones o indemnizaciones de su auto en caso de colisiones de forma muy fácil y con toda la simpleza.,1
"En todo momento va a tener por parte de esta institución la mayor honestidad, responsabilidad y confiabilidad.",1
Cada uno de los seguros puede ser pago todos los meses mediante tarjeta de crédito sin problemas.,1
"En Cuzco usted puede contratar siempre con excelentes condiciones, y con liberación de su póliza en el día.",1
Tiene la característica esta empresa de siempre contar con funcionarios que pueden darle respuestas sin demoras y soluciones en minutos.,1
Los descuentos en todos los productos son diarios para que usted pueda economizar.,1
Honestidad es el principal valor que usted va a tener siempre disponible a la hora de contratar.,1
La empresa cuenta con un respaldo económico muy importante para dar siempre las mejores indemnizaciones.,1
El proceso de respuestas en caso de accidentes no tiene burocracias y es con mucha simpleza.,1
"Usted en todo momento durante la vigencia de su contrato, tiene la oportunidad de acceder a muchos beneficios como descuentos y de esa forma economizar.",1
Las indemnizaciones que usted va a tener en caso de accidentes cubiertos por su póliza son siempre de forma inmediata y sin demoras.,1
"Puede en todo momento cotizar sus seguros en la página de la aseguradora, sabiendo cual es mejor de acuerdo a su auto y sus posibilidades de pago.",1
"Los auxilios mecánicos son siempre de forma ilimitada, con atención en las calles de forma muy rápida.",1
"Puede comparar en la página web todos los costos y características de los servicios, eligiendo así el mejor de forma inmediata.",1
"Contratando una póliza para su auto, luego puede también contratar seguros, por ejemplo, para su casa con importantes descuentos.",1
Cada funcionario de la entidad va a darle informaciones siempre por los medios de comunicación con la mayor honestidad.,1
Los valores que tienen todos los funcionarios de esta empresa siempre contribuyen a que su contratación sea sin inconvenientes.,1
"Si usted tiene un siniestro, en cualquier región del Perú, puede hacer su denuncia sin problemas por medio del servicio telefónico y con respuestas inmediatas.",1
"Va a poder recibir siempre precios que son muy accesibles en todos los productos en comparación con otras entidades, es decir, reducidos y competitivos.",1
Esta empresa siempre se caracteriza por la rapidez en la que puede otorgarles las pólizas a los clientes.,1
Tiene una excelente página web donde usted puede comparar los seguros de acuerdo al auto que tenga.,1
Llamando al número 01 610 5252 sin demoras va a tener toda la información sobre las ventajas de puntos para tener descuentos en el SOAT.,1
Lo mejor de esta institución es que puede otorgar todos los contratos en el día sin demoras.,1
Tiene la posibilidad de pagar el SOAT con tarjeta de crédito sin inconvenientes.,1
"La rapidez con que puede ser firmada esta póliza es una cuestión muy importante, siendo siempre rápido e inmediato el proceso.",1
Esta institución tiene siempre respuestas y asistencia en las calles el Perú las 24 horas del día sin demoras.,1
"Si tiene una colisión en la calle, y ella amerita indemnización, va a tener siempre el dinero de forma ágil y fácil.",1
"Si usted se presenta en la sucursal con los mínimos requisitos solicitados, en ese mismo momento tiene liberada su póliza.",1
Confiabilidad y honestidad en las respuestas es una característica fundamental de esta empresa en todo momento.,1
Lo mejor que tiene esta compañía son sus excelentes y bajos costos en todos los productos.,1
"Todos los beneficios como ambulancia, asesores, chofer de reemplazo, entre otros, pueden ser utilizados siempre y sin problemas.",1
"Esta entidad, en Iquitos, es sin lugar a dudas una de las más recomendables, ya que todas las personas que tienen un servicio de ella están conformes y tienen las mejores opiniones.",1
"En cualquier momento, sin distinción del día u horario, vamos a tener asistencia en las calles con toda la rapidez.",1
"La prioridad de la empresa siempre va a ser usted, esmerándose en darle siempre las mejores soluciones.",1
"En las pólizas, los costos son bajos, con buenas promociones, y con descuentos a la hora de renovar.",1
"Con una cobertura, usted en todo el territorio nacional, sin distinción de ciudad o departamento donde se encuentre, va a tener la asistencia de esta empresa.",1
"A la hora de contratar, usted va a tener siempre las mejores condiciones y ningún tipo de demoras.",1
Esta es una entidad sumamente confiable y con toda la seriedad que usted precisa.,1
"A la hora de cotizar sus seguros de forma personal, por teléfono o en la página web, va a tener información certera.",1
"Lo mejor de esta empresa, y por eso es recomendable, es que sus requisitos son mínimos.",1
Puede reparar su automóvil en los talleres afiliados de Pacífico con los mejores descuentos.,1
Tiene el beneficio en esta empresa de tener los costos mínimos y más convenientes del mercado.,1
"Puede contratar también otros excelentes seguros como, por ejemplo, aquellos oncológicos que cuestan solamente S/. 20 por mes.",1
"Además de contar con excelentes seguros de autos, esta entidad puede ofrecerle también coberturas para tener toda la tranquilidad en su vida, en su hogar, en su salud, en sus viajes, en las finanzas, es decir, en todo momento.",1
"Los descuentos y promociones son diarios en todos los precios de los seguros como, por ejemplo, en el SOAT con el sistema de puntos.",1
Tiene la oportunidad de pagar con todas las tarjetas de crédito de todos los bancos sin problemas.,1
Muchos son los años de trabajo e inversión de esta empresa para poder estar cada vez más cerca de todos sus clientes.,1
Puede siempre pagar su contrato de forma cómoda de distintas formas de acuerdo a su capacidad y necesidad.,1
Cuando renueva cualquiera de las pólizas disponibles tiene los mejores descuentos.,1
"Cada funcionario de esta compañía cuenta con una capacitación muy importante, para estar preparado y poder responder sin demoras en todo momento.",1
"Los auxilios mecánicos, ambulancias o asesores, que son algunos de los beneficios que usted puede tener, llegan al lugar del siniestro de forma inmediata en minutos.",1
Cuando contrata cualquiera de los programas siempre va a tener mucha rapidez y ninguna demora por parte de la empresa.,1
En las dos empresas usted nunca va a dejar de tener promociones todos los meses.,1
"Los requisitos que tiene son pocos, fáciles de cumplir, y de aprobación inmediata.",1
"Las respuestas en caso de accidentes, es decir, indemnizaciones son de forma fácil y rápida.",1
Contratando este servicio puede tener importantes descuentos en la instalación de GPS para su auto.,1
"El servicio de grúa es excelente, en minutos tiene asistencia de la misma con traslado a su domicilio.",1
"Con responsabilidad y confiabilidad puede contratar sin problemas, y con mínimos requisitos.",1
"Cada producto, todos los meses, tiene buenos descuentos y promociones para que usted pueda economizar.",1
"Tiene muy recomendables talleres mecánicos afiliados esta empresa, en los cuáles usted puede recibir las mejores reparaciones de su unidad en caso de accidentes.",1
Debido a los excelentes convenios con entidades financieras que tiene esta empresa usted tiene la oportunidad de pagar con tarjeta de crédito de forma muy simple.,1
"Son asegurados todos los vehículos, sin distinción de marca y modelo.",1
"Cada seguro tiene costos muy accesibles, siendo muy bajos en comparación con otras entidades de esta ciudad.",1
En cualquiera de las sucursales usted puede contratar con liberación de su póliza en el día.,1
Las respuestas de asistencia en las calles son siempre de forma inmediata y directa sin ningún tipo de intermediario.,1
Esta es una empresa donde la honestidad es siempre lo más importantes a la hora de brindar servicios.,1
Usted puede tener mucha seguridad y tranquilidad en todo momento con estos productos.,1
En esta empresa usted puede pagar siempre sus servicios con tarjetas de crédito de forma cómoda y sin problemas.,1
"Los costos de los productos, son siempre reducidos y competitivos, con muchas promociones y descuentos.",1
"Un beneficio fundamental y muy relevante es que puede tener siempre mínimos requisitos, es por eso que todas las personas tienen liberación de póliza en el día.",1
"Los costos de los productos son los más bajos del mercado, siendo en comparación con otras entidades muy reducidos.",1
"Las formas de pagar los contratos, con los excelentes plazos son muy cómodas y convenientes.",1
La honestidad a la hora de brindar información cada uno de los empleados de la empresa es determinante para que pueda realizar una excelente elección.,1
Grupo Falabella tiene múltiples empresas en donde puede sin problemas encontrar siempre los mejores seguros de acuerdo a su necesidad.,1
Si tiene un accidente y corresponde indemnización va a tener respuesta inmediata sin demoras.,1
Una de las mejores cosas de esta empresa es su excelente atención personalizada de sus funcionarios.,1
Excelente es la relación entre costo y calidad de los productos sin duda alguna en esta empresa.,1
Tiene los mejores convenios con entidades financieras para que usted pueda pagar con tarjeta de crédito sin problemas.,1
"Las respuestas en caso de problemas en las calles son inmediatas, teniendo asistencia en el lugar con toda la rapidez.",1
"Con presencia en todas las regiones del país, siempre tendrá soluciones muy cerca suyos en seguros con los mejores beneficios.",1
Tiene la posibilidad de cotizar y comprar su seguro por medio de la página web del banco sin demora alguna.,1
"Si le corresponde indemnización por accidente, puede tenerla en cuestión de pocos días sin demoras.",1
"Todos los meses pagando su cuota, tiene acceso a sorteos de importantes premios de excelentes productos.",1
"Contratando un seguro de auto, directamente accede a las promociones de los otros seguros como, por ejemplo, de vida, salud, inmuebles, entre otros.",1
"Falabella, entre muchas de sus características excelentes tiene una muy importante: precios bajos en todos sus servicios todo el año.",1
Precios bajos en todo momento es un beneficio que usted puede recibir accediendo a los seguros de esta empresa.,1
Lo más importante es que si tiene un accidente va a contar con un acompañamiento total por parte de la empresa.,1
"Mucha honestidad es lo que pueden recibir siempre todos los clientes, sean personas físicas o jurídicas.",1
"Los precios de este producto es muy económico, existiendo hoy en día una excelente promoción que es de S/. 79. 00 por mes para los automóviles de uso particular.",1
"Puede asegurar su taxi, su camión o su moto, por increíbles precios, siempre con los mejores descuentos y promociones.",1
"Luego de contratar este producto, puede tener excelentes beneficios en otros seguros disponibles.",1
Es una aseguradora muy recomendable por toda la agilidad y facilidad con la que puede liberar sus pólizas a los clientes.,1
Siempre la aseguradora tiene una actuación con mucha confiabilidad y responsabilidad absoluta.,1
Usted tiene la posibilidad de elegir la forma de pago más conveniente de acuerdo a su capacidad y comodidad.,1
Esta es una de las empresas corredoras de seguros más confiables porque trabaja con aseguradoras que brindan respuestas inmediatas.,1
"Los convenios que tiene con las aseguradoras son los mejores, lo que le permiten brindar precios siempre mínimos.",1
La asistencia en las calles por parte de esta institución es siempre en cuestión de minutos así usted logra la mayor tranquilidad.,1
Día a día trabaja esta entidad para que usted encuentre aquella seguridad que busca con su auto en todo momento.,1
Puede asegurar todas las marcas y modelos de autos en las mejores condiciones.,1
No va a encontrarse en la contratación con tasas o costos adicionales más que el precio.,1
Esta es una empresa que con presencia en todo Perú siempre está cerca de todos los clientes sin demora alguna.,1
Los mejores valores como la confiabilidad y responsabilidad pueden obtener en esta empresa.,1
"Después de realizar los mejores convenios con las distintas aseguradoras principales, podemos decir que esta es una empresa muy recomendable y conveniente.",1
Esta es una entidad con más de 30 años de trayectoria con clientes muy conformes y que cuentan con las mejores opiniones.,1
"Con presencia en todo el Perú, podrá la entidad estar siempre cerca del cliente para darle soluciones concretas.",1
Cada funcionario trabaja todos los días de forma profesional para que las respuestas en caso de problemas con los vehículos sean inmediatas.,1
"Todos los seguros de autos cuentan con los precios más bajos del mercado, ya que tienen muchas promociones.",1
"Tiene todas las facilidades de pago de su seguro, en cuotas sin intereses, por ejemplo.",1
"Se destaca en esta entidad la forma rápida de tener las coberturas, sin ninguna burocracia.",1
Estamos frente a una de las entidades más confiables del mercado ya que cuenta con un respaldo financiero para indemnizaciones muy importante.,1
Tendrá mensualmente muchas promociones en el precio de los seguros para poder economizar.,1
"Si sufre un accidente que se encuentre bajo la cobertura del SOAT, tendrá indemnización sin demoras.",1
La trasparencia y honestidad es lo más importante y los pilares de trabajo de esta aseguradora.,1
"Puede pagar el SOAT de una forma cómoda, por múltiples medios, y siempre de una manera flexible.",1
Es diaria la inversión en todo el país para estar siempre más cerca de usted sin burocracias.,1
La innovación en las propuestas de seguros para usted es una cuestión fundamental de trabajo diario en esta entidad.,1
Se caracterizan siempre los programas por poder pagarse de una forma muy simple y cómoda.,1
"Con esmero, cada funcionario podrá armar un plan para asegurar su vehículo de una forma muy personalizada.",1
rapido y eficaz.,1
"Tendrá siempre en todas las agencias una atención muy rápida, personalizada, y con mucha honestidad.",1
Podrá pedir en el mismo momento que solicita su SOAT extensiones de cobertura por mínimos costos.,1
Todos los meses tendrá precios promocionales en el valor del seguro SOAT.,1
En caso de accidentes podrá recibir la asesoría de cada funcionario del banco para que tenga su indemnización en tiempo y forma.,1
"Puede pagar con todas las tarjetas de crédito, en cómodas cuotas y sin intereses.",1
"Es un beneficio la rapidez con que usted puede contratar el SOAT, solamente en cuestión de minutos.",1
Con seguridad se puede afirmar el costo de este servicio es el más bajo del mercado en Interseguro.,1
Tiene siempre facilidades de pago en los seguros de esta empresa.,1
La base del excelente trabajo de esta entidad es la confianza en todas las operaciones.,1
Son diarios todos los descuentos en el SOAT para que usted pueda economizar.,1
Podrá de forma online comprar su SOAT en cuestión de minutos sin ninguna burocracia.,1
"Todos los funcionarios de la institución tienen capacitación permanente para darle con mucha honestidad las mejores informaciones, soluciones y respuestas.",1
Afirmamos siempre con certeza que el precio del SOAT en esta entidad es uno de los más competitivos del mercado.,1
Nunca va a tener burocracias a la hora de contratar un producto de Interseguro.,1
Las indemnizaciones por daños personales más rápidas las podrá obtener por medio de Interseguro sin ningún tipo de intermediarios.,1
Los costos que tienen los programas de esta entidad son los más accesibles del mercado.,1
"Siempre tendrá honestidad sobre qué riesgo le va a cubrir cada cobertura, para que sepa cuáles son las respuestas que puede tener.",1
El trabajo en equipo de todos los funcionarios le permite tener a usted en minutos su póliza sin demoras.,1
"El servicio de esta entidad es siempre ágil, eficiente, y buscando que cubra su necesidad.",1
"Podrá acceder, por ejemplo, también a seguros para inmuebles a costos promocionales luego de solicitar el SOAT.",1
Una característica fundamental de la empresa es que tiene mucha rapidez para liberar la cobertura así los clientes pueden comenzar en las calles a tener toda a la seguridad.,1
"Cada empleado de la aseguradora, en cualquier ciudad del Perú dispone de mucha responsabilidad.",1
Todos los precios mensuales que tienen los distintos programas son siempre bajos y accesibles con importantes descuentos.,1
La máxima confiabilidad puede tener siempre a la hora de contratar cada uno de estos productos.,1
Es importante que los precios sean siempre los más bajos en muchas regiones en comparación con otras empresas.,1
Las indemnizaciones y respuestas por accidentes son siempre inmediatas y sin burocracias.,1
En todas las sucursales usted va a poder tener siempre atención con la mayor honestidad.,1
"Pagando con los excelentes bancos con los que esta empresa tiene convenios, tiene la posibilidad de cancelar en cuotas sin intereses.",1
"Las condiciones de contratación son excelentes, sin complicaciones y sin demora alguna.",1
La mayor honestidad puede siempre tener en cada una de las operaciones de contratación en esta empresa.,1
Ninguna tasa adicional va a tener a la hora de pagar todos los meses su contrato.,1
Un beneficio y al mismo tiempo ventaja que puede tener a la hora de contratar es toda la rapidez y simpleza de Rimac.,1
"En comparación con otras empresas, esta es una de las que ofrece los precios más bajos del mercado en esta ciudad.",1
Todos los funcionarios de Rimac en Pucallpa pueden darle sin intermediarios las mejores respuestas en cuestión de minutos.,1
"Si tiene un accidente, va a tener siempre soluciones e indemnizaciones sin ninguna demora para que pueda reparar su auto sin complicaciones.",1
Confiabilidad y honestidad es lo que nunca va a dejar de tener a la hora de contratar en esta empresa.,1
"Si tiene un siniestro, va a tener indemnización en cuestión de poco tiempo, ajustándose a los presupuestos por los mejores talleres de la ciudad.",1
"Tiene siempre costos mínimos, con descuentos durante en plan de pago, y promociones en la renovación.",1
"Con todos sus años de trayectoria en el sector, esta entidad hoy en día, es una de las más confiables y que mayor honestidad puede brindar.",1
"Costos mínimos, tasas inexistentes, y descuentos, son las cosas que hacen que usted siempre en sus operaciones pueda economizar sin problemas.",1
"Las condiciones de los contratos siempre son mínimas, para que en el mismo día que realiza la solicitud pueda tener la liberación de su póliza.",1
"Una característica muy importante de los productos, es que ellos tienen siempre precios competitivos en comparación con otras entidades del sector.",1
También todos los servicios cuentan con mínimos requisitos para que la aprobación sea inmediata.,1
Muy importante es la honestidad que tienen todos los funcionarios de la empresa a la hora de otorgar información a todos los clientes.,1
No debe tener ni una duda de que esta es una de las entidades más confiables del mercado en la actualidad.,1
"La trayectoria de esta empresa en el mercado, avalan las excelentes opiniones de todos los clientes.",1
"La atención siempre es personalizada, tanto para empresas como para las personas físicas que desean tener las mejores pólizas.",1
Tiene el beneficio principal de tener precios muy bajos todos los seguros en esta empresa en comparación con otras.,1
"Si usted tiene en cualquier parte de Puno un accidente, va a tener su indemnización de forma inmediata.",1
"Los asesores del sistema speed son excelentes, porque al lugar del accidente le llevan tranquilidad.",1
"Esta es una entidad que puede darle todos los meses y a todos los clientes, la posibilidad de recibir muchos descuentos y economizar.",1
"Gracias a los convenios que tiene con Visa, Mastercard, American Express y Diners Club, usted puede pagar con tarjeta sin problemas.",1
Agilidad y rapidez son las formas con las que puede siempre en caso de accidentes recibir las indemnizaciones.,1
"A la hora de contratar cualquiera de los servicios que dispone la empresa, usted con certeza y precisión puede tener mucha honestidad por parte de los empleados de las agencias de todos los puntos del país.",1
Una de las ventajas más importantes que tiene en los productos de Rimac son sus costos mínimos y con muchas promociones.,1
Es siempre importante poder contar con el respaldo de una entidad con tanta trayectoria en el sector como es Rimac.,1
"Costos mínimos, reducidos y realmente competitivos es lo que hacen que esta sea una de las entidades aseguradoras más elegidas del mercado.",1
Es fundamental toda la confiabilidad y responsabilidad que los empleados pueden brindar en todo momento.,1
"Lo mejor de esta empresa es que su atención a los clientes es siempre inmediata y todos los días, sin restricción alguna.",1
Responsabilidad es un valor que siempre va a tener por parte de todos los empleados de Rimac cuando contrata.,1
Esta empresa tiene convenios con las mejores y más confiables entidades financieras donde puede pagar sin problemas y de forma cómoda.,1
No existen tasas adicionales o cobros extras más que los pactados en el contrato de cobertura.,1
"Las promociones y descuentos son diarias, para que siempre pueda economizar.",1
Tiene esta entidad una red de agencias en todas las regiones del país para estar siempre cerca del cliente.,1
Precios justos y mínimos son los que se va a encontrar siempre en todo contrato con esta empresa.,1
"Precios bajos todo el año en los seguros, aseguran, que los clientes siempre puedan economizar sin problemas.",1
"Usted debe saber con certeza que los requisitos que debe presentar para asegurar su auto son mínimos, y en el día, tiene la liberación de la póliza.",1
En ningún momento va a encontrarse con tasas adicionales o costos que no fuesen establecidos en el precio total por mes de su programa.,1
"Los valores de los servicios son los más bajos del mercado en esta ciudad sin lugar a dudas, pudiendo economizar todos los meses.",1
"Cuando solicita un seguro, debe saber también que va a tener condiciones fáciles de cumplir, para que la liberación sea en el día.",1
"Realizada la verificación técnica correspondiente, en cuestión de minutos tiene liberada su póliza.",1
Una ventaja muy importante de esta empresa es que puede liberar las pólizas en el transcurso del día una vez solicitadas.,1
Los precios en comparación con otras empresas que tienen sede en Miraflores son muy bajos con importantes descuentos.,1
"Si tiene algún tipo de siniestro y debe recibir una indemnización, ella va a ser con toda la rapidez.",1
Esta es una institución con mucha confiabilidad y responsabilidad sobre todas las cosas a la hora de otorgar todos sus productos.,1
"Costos bajos, cómodas formas de pago, e importantes descuentos es lo que usted va a tener siempre en sus programas.",1
"Siempre, para que la liberación de la póliza sea rápida, usted va a tener mínimos requisitos.",1
"Los asesores vehiculares, por ejemplo, siempre otorgan asistencia inmediata para que no tenga problemas.",1
Las condiciones de contratación de cada una de las pólizas es excelentes y sin intermediarios.,1
Por toda la trayectoria que tiene esta empresa podemos decir que es muy confiable y responsable a la hora de otorgar seguros.,1
"Esta es una empresa que con todos sus años de trayectoria, hoy con seguridad siempre puede ofrecer mucha responsabilidad y honestidad.",1
"Lo mejor de los precios, es que pueden ser tener descuentos, que pueden ser los mejores del mercado.",1
"Para pagar su programa, puede elegir, de acuerdo a su necesidad, variables formas para tener siempre comodidad.",1
"Cuando solicita un producto es una de las empresas con mayor simpleza en esta ciudad para otorgarle, así en el día empieza a tener mucha seguridad en las calles.",1
Siempre va a encontrarse con una extrema confiabilidad y honestidad por parte de los empleados en la agencia de esta ciudad y en los servicios telefónicos.,1
Es muy importante tener la posibilidad de tener precios bajos y formas cómodas de pago sin problemas todos los meses.,1
"Los contratos siempre pueden ser realizados en cuestión de minutos, y así, tener la liberación de su póliza en el momento.",1
"Precios bajos, accesibles y con muchas promociones son los que hacen que todos los programas sean siempre convenientes.",1
"Con toda la rapidez que tienen los funcionarios, pueden darle todas las informaciones que precise para así contratar con toda la certeza y precisión.",1
Las solicitudes de los seguros de esta empresa son muchas por todos los beneficios adicionales que ellos pueden otorgar.,1
La asistencia y asesoría en la vía pública en caso de cualquier accidente es total e inmediata.,1
"Debe tener seguridad, que contratando los seguros en RIMAC, va a tener tranquilidad con su automóvil en todo momento.",1
"Ambas empresas tienen la característica de poder siempre otorgar sus programas de seguros con mínimos requisitos, es decir, con liberación de la póliza en el día.",1
"En cualquiera de las agencias y sedes de esta empresa en su ciudad, si usted lo desea, puede cotizar los seguros sin problemas, sin compromiso de contratación.",1
"En caso de siniestro, y usted deba recibir una indemnización, ella es otorgada en un muy corto plazo, en ambas empresas.",1
"Una característica muy especial de los servicios, son sus precios siempre bajos y accesibles.",1
La honestidad de sus funcionarios es una de las cosas que más importa a la hora de solicitar una cobertura.,1
"Lo más relevante es que la contratación es realizada en el día, sin demora alguna.",1
Esta es una entidad muy confiable donde todos sus clientes se encuentran muy conformes con las respuesta que siempre pueden tener.,1
"La responsabilidad y honestidad es en los valores que mayor hincapié hace la empresa a la hora de tratar con cualquier persona, sea física o jurídica.",1
Los costos que tienen todos los seguros son siempre bajos y accesibles con importantes descuentos.,1
Esta empresa es muy confiable ya que tiene muchos años trabajando al servicio de millones de clientes que se encuentran muy conformes.,1
La responsabilidad otorgando indemnización es muy importante y destacable a la hora de contratar un seguro.,1
Los precios de cada uno de los productos son los más bajos de la región.,1
Para todas aquellas personas que precisan un seguro para taxis esta es la entidad más recomendable por toda su honestidad y responsabilidad.,1
"Como todos los taxis tienen muchos gastos de mantenimiento, tiene como objetivo la aseguradora brindar productos con mínimos precios mensuales.",1
"Para que de forma rápida pueda tener seguridad en la calle, todos los programas tienen aprobación en el día.",1
Muy destacable es que la entidad en cuestión siempre ofrece a los futuros clientes muchas promociones para que desde el primer momento tengan muchos beneficios,1
"La confiabilidad y honestidad que esta empresa puede dar, es siempre su mayor capital para que usted se encuentre conforme y tenga un buen producto.",1
"Rapidez, facilidades y mucha simpleza son aquellas características que puede tener en todos los procesos para contratar.",1
Precios bajos y con promociones es un punto muy importante a tener en cuenta que esta entidad siempre puede ofrecer.,1
El valor de la honestidad es uno de los capitales más fuerte de esta empresa en todo momento.,1
Si usted desea contratar un servicio va a tener siempre toda la rapidez y agilidad sin demora alguna.,1
Los contratos de los productos son siempre realizados de forma rápida con liberación de la póliza en cuestión de minutos.,1
Mínimos requisitos son los solicitados para poder tener nuestro seguro sin problemas.,1
Los costos más bajos del mercado son los de esta empresa que todos los meses le puede dar descuentos.,1
"Con los servicios de esta empresa puede tener en su vida, toda la seguridad y tranquilidad que precisa.",1
Los costos accesibles de sus productos y las formas cómodas de pagar son un beneficio que siempre va a tener.,1
"Sin burocracias, y con mínimos requisitos, puede siempre contratar los programas ofrecidos.",1
Mínimos requisitos son los solicitados por esta empresa y es por eso que sin ninguna burocracia puede tener la aprobación de la póliza.,1
La agilidad y facilidad con las que puede usted recibir indemnización es muy importante a la hora de elegir un seguro y esta entidad puede dar eso sin problemas.,1
Empresa confiable no debe tener dudas que es La Positiva porque con todos sus años de trayectoria los funcionarios de ella tienen la capacitación para dar respuestas rápidas.,1
Muy confiable es esta entidad en todo momento por su amplia trayectoria y por los millones de clientes ya atendidos.,1
La rapidez con que puede contratar todos los productos es una ventaja a tener en cuenta a la hora de elegir una empresa de seguros.,1
"Con su auto en las calles de esta ciudad, y contando con una cobertura de La Positiva, debe saber que va a tener siempre la mejor asistencia sin demoras.",1
Esta es una empresa sin dudas que muy confiable por toda su honestidad y por la responsabilidad que otorga en todas las operaciones.,1
"Formas de pago cómodas también aseguran un excelente contrato de seguros, que esta empresa puede ofrecer sin inconvenientes.",1
Los precios bajos y competitivos son una gran diferencia con otras empresas.,1
Es importante decir que tienen muchos beneficios y ventajas todos los servicios.,1
"Puede pagar en cómodas formas todos los productos, teniendo así una excelente organización personal y pudiendo economizar.",1
Siempre los empleados pueden darle respuestas y soluciones de calidad sin inconvenientes.,1
"Los costos de cada uno de los productos son muy bajos y accesibles, con buenos descuentos.",1
La rapidez con que puede otorgar indemnizaciones es una cuestión relevante muy destacable.,1
Esta es una entidad que siempre trata a sus clientes con toda la responsabilidad y honestidad posible.,1
Lo mejor es que a la hora de contratar todos los empleados de todas las sucursales cuentan con mucha honestidad y confiabilidad.,1
"En caso de siniestros, las indemnizaciones siempre son de forma directa e inmediata sin demora alguna.",1
Es una empresa muy confiable por que tiene millones de clientes y todos ellos se encuentran muy conformes.,1
En comparación con otras empresas esta es una de las mejores por que podemos tener siempre mínimos requisitos y una rápida contratación de los distintos servicios.,1
Es recomendable esta aseguradora porque sus costos son los más económicos actualmente.,1
"En caso de tener siniestros, además de contar con todo el asesoramiento, puede tener las más fáciles indemnizaciones.",1
Mucha agilidad para contratar cualquiera de los servicios es unos de los beneficios más importantes.,1
Los plazos de pago más cómodos del mercado va a encontrarlos en esta empresa.,1
Las condiciones de contratar son las más adecuadas sin dudas de cada uno de los programas ofrecidos.,1
En ningún plazo de pago de su servicio va a encontrarse con tasas de interés o costos adicionales.,1
Las burocracias no existen en las contratación de los servicio y en cuestión de minutos puede tener su póliza.,1
"La agilidad y honestidad que tienen los funcionarios, son las dos cosas más importantes que siempre puede recibir de esta empresa.",1
Si lo que usted busca es confiabilidad a la hora de recibir respuestas no debe tener dudas de que La Positiva es la mejor opción.,1
Es muy importante tener en cuenta las excelentes opiniones de millones de personas que tienen muchas personas que tienen contratos con esta institución.,1
Los precios de los servicios son los más bajos del mercado y los que tienen mayores descuentos todos los meses.,1
Esta es una entidad aseguradora muy confiable por todos los años de trayectoria que posee y por todos los millones de clientes que a diario reciben respuestas excelentes.,1
En caso de problemas cada una de las indemnizaciones puede ser en plazos mínimos para que pueda realizar todas las reparaciones correspondientes.,1
Responsabilidad y mucha honestidad es lo que siempre puede ofrecer esta aseguradora en todos sus contratos.,1
En los distintos tipos de seguros siempre va a encontrar respuestas por daños que son inmediatas.,1
Valores tales como la confiabilidad y honestidad siempre se encuentran presentes por parte de la empresa en las operaciones de contratación.,1
Puede obtener a través de estos productos los precios más bajos de esta ciudad.,1
Asistencia las 24 horas en cualquier región del país usted va a tener siempre con esta confiable aseguradora.,1
La responsabilidad por parte de los empleados es uno de los mejores capitales de la entidad.,1
La Positiva trabaja ya desde hace muchos años en el país con millones de clientes atendidos que tienen las mejores opiniones y se encuentran muy conformes.,1
Son muy positivas las respuestas que siempre puede obtener por parte de esta empresa en caso de problemas.,1
"Las indemnizaciones son de forma rápida, fácil y ágil para que usted pueda realizar todas las reparaciones que sean necesarias.",1
Destacar que los costos de los productos son siempre bajos y muy accesibles.,1
"Si busca una entidad con honestidad, debe saber que esta es la más adecuada.",1
"Esta es una empresa con mucha trayectoria en el sector de seguros, con millones de clientes atendidos y todos ellos muy conformes.",1
El detalle y beneficio principal de los productos son sus bajos precios teniendo en cuenta los que ofrecen otras empresas.,1
Las líneas rotativas de esta empresa son excelentes con un trato muy personalizado.,1
"A través del servicio telefónico puede siempre obtener los mayores datos, siempre precisos y certeros.",1
Es muy confiable esta empresa y su excelente forma de trabajar por todo todos sus clientes se encuentran muy conformes.,1
Contratación de forma inmediata es lo que va a poder tener siempre en esta empresa.,1
Puede efectuar sus pagos en distintas posibilidades de acuerdo a su necesidad sin problemas.,1
En ningún momento cuando pague sus cuotas del programa va a tener intereses o recargos adicionales.,1
Accediendo a productos como Auto Total sin problemas también va a contar con cobertura para su casa para que tenga seguridad en todo momento.,1
"Las formas de pago de los servicios son las más cómodas ya que pueden ser por débito automático, por tarjeta de crédito, de forma persona, y siempre en las mejores cuotas.",1
"Si tiene un accidente, de cualquier índole, va a tener su indemnización en plazos mínimos sin demoras para así poder realizar las reparaciones necesarias.",1
"Todas aquellas personas que deseen contratar con esta entidad, siempre va a encontrarse con muchas facilidades por parte de todos los funcionarios.",1
Las aprobaciones de las coberturas cumpliendo con los mínimos requisitos son en cuestión de minutos.,1
Tiene los costos mensuales para los seguros más bajos del mercado sin duda alguna.,1
Puede pagar todos los productos en hasta 12 cuotas sin ningún tipo de problemas.,1
Puede contar con descuentos en la instalación de GPS contratando seguros en esta empresa.,1
"Accediendo a los productos de esta aseguradora, también puede tener muchas promociones en talleres mecánicos para reparar su auto cuando fuese necesario.",1
Aseguré mi Nissan con BBVA y estoy muy conforme con el servicio. ,1
Tengo cobertura total y cuando choqué el año pasado se hicieron cargo de los gastos del arreglo de mi auto. ,1
Quiero destacar la cordialidad de las personas que trabajan en BBVA Seguros. Llamé para averiguar y me trataron muy bien.,1
"Estoy por sacar un préstamo para comprar un carro y no sabía esto, buenísimo",1
Me gusta que explican cosas que las compañías no hacen.,1
"Muy útil la información, no sabía que Scotiabank vendía SOAT.",1
Yo tengo asegurado mi carro con Interbank y estoy muy contenta.,1
"Excelente atención de la empresa, nunca he tenido problemas ni inconvenientes.",1
"Me gustó mucho la info que dieron, es muy necesario conocer los servicios que brinda la empresa.",1
"Me gusto. Muy completo este artículo, siempre leo sus artículos.",1
Yo compre el SOAT electrónico y la verdad es súper fácil.,1
Yo tengo el plan full me encanta y no es mucho más caro que el base pero es más completo.,1
Excelente la información de este artículo!,1
Rimac Seguros es una empresa de muchos años de trayectoria brindando productos de calidad y con confianza.,1
"Si usted busca precios bajos en su póliza, no debe dudar en solicitar aquellas que nos ofrece Mapfre.",1
En Mapfre encontrará siempre las mejores formas de pago con todas las facilidades.,1
Interseguro tiene el mejor costo del SOAT actualmente con muchos descuentos y cotización al instante.,1
Pacífico le otorga programas con excelentes condiciones y mínimos requisitos.,1
Interseguro es aquella entidad que en todo el Perú nos puede ofrecer el mejor SOAT.,1
Mapfre es una institución que se caracteriza por su seriedad en el trato con el cliente y todo el compromiso para responder siempre de forma inmediata.,1
Tenemos en La Positiva siempre programas con precios mínimos y cómodas formas de pago.,1
Puede tener siempre las mejores indemnizaciones con toda la rapidez en Mapfre Seguros.,1
En Falabella encuentra siempre programas con mínimos requisitos para que la aprobación sea en el día.,1
Interseguro le ofrece el costo más bajo sin lugar a dudas del mercado para el SOAT.,1
"Ante cualquier necesidad de cobertura, debe acudir a Rimac, donde encontrará las mejores soluciones.",1
En La Positiva usted se encuentra con una empresa confiable y que actúa con total honestidad.,1
Interseguro es una institución que puede siempre darle las mejores promociones y bajos costos.,1
Si quiere costos bajos no debe dudar en solicitar inmediatamente los programas de Mapfre.,1
En Banco Ripley encontrará siempre una atención muy personalizada.,1
Pacífico siempre le dará indemnizaciones sin burocracias y sin demoras.,1
En La Positiva usted podrá encontrarse siempre con un trato personalizado y calificado.,1
Si quiere una indemnización inmediata y adecuada en caso de siniestros debe solicitar los programas de Mapfre.,1
"En Rimac usted tendrá la mayor variedad de seguros para vehículos, ya que es una entidad que se encarga de cubrir todas las necesidades de sus clientes.",1
Falabella Seguros le puede brindar toda la protección que usted necesita con su auto las 24 horas del día.,1
"Si busca las mejores indemnizaciones y asistencia en la calle, la mejor opción que tiene es Mapfre.",1
Interseguro puede darle la mayor confiabilidad y responsabilidad sin ningún tipo de problemas.,1
Puede tener siempre en Rimac las indemnizaciones más rápidas y con los mejores montos.,1
En La Positiva puede usted cubrir su auto con múltiples pólizas dependiendo su necesidad.,1
El SOAT que nos ofrece Ripley es siempre con un precio mínimo y con descuentos.,1
Interseguro siempre le presenta la propuesta más completa de SOAT sin lugar a dudas.,1
"En Rimac usted va a encontrar precios mínimos, siempre con muchas promociones.",1
Pacífico es la entidad que mejores indemnizaciones en caso de siniestros puede otorgarle.,1
En Banco Ripley siempre se va a encontrar con precios mínimos y muchos descuentos.,1
La Positiva la presenta la más amplia variedad de productos para que siempre encuentre una solución a su necesidad.,1
Lo mejor de Rimac es que siempre antes de contratar puede cotizar con precisión el costo de su póliza.,1
La Positiva le presenta sin ningún tipo de intermediarios diversas propuestas para que usted elija la que más se adecue a su necesidad.,1
"En Mapfre podrá encontrar las mejores coberturas, para sentirse totalmente protegido con su vehículo.",1
"Interseguro le otorgará lo más accesibles costos para el SOAT, siempre con descuentos.",1
En Interseguro podrá tener siempre indemnizaciones sin demoras ante cualquier tipo de accidente.,1
Banco Ripley podrá otorgarle siempre bajos costos en sus pólizas y muchas promociones.,1
"Si quiere pagar de la forma más cómoda, con todas las facilidades, debe solicitar los planes de Pacífico Seguros.",1
La Positiva es una entidad que puede darle productos de calidad con las mejores respuestas.,1
"En Rimac, en caso de accidentes, podrá tener indemnizaciones de una forma rápida y fácil.",1
"Falabella Seguros tiene disponibles precios accesibles, con primas económicas, y las mejores formas de cancelar.",1
"Excelente, ¡muchas gracias!",1
En Ripley usted siempre va a encontrar una atención sumamente personalizada y confiable por parte de los funcionarios.,1
Pacífico tiene la capacidad de responder siempre con las más adecuadas indemnizaciones en caso de siniestros.,1
En La Positiva siempre encontrará los mejores beneficios adicionales además de excelentes coberturas.,1
Mapfre puede darle siempre costos mínimos y cómodas formas para cancelar con muchas facilidades.,1
Interseguro actualmente tiene las respuestas más rápidas en caso de siniestros.,1
En La Positiva podrá encontrar siempre las mejores formas de pago de su póliza.,1
Ripley tiene un SOAT con indemnizaciones que pueden ser de forma inmediata.,1
Rimac tiene la característica de amoldar siempre sus planes a su necesidad sin problemas.,1
Mínimos requisitos tendrá siempre en todos los programas de La Positiva.,1
En Interseguro se encontrará con las mejores promociones para pagar el menor costo para su programa.,1
"Si quiere responsabilidad y honestidad, de forma directa debe contratar los seguros de Pacífico.",1
Tenemos en Mapfre siempre respuestas que son sin demora alguna.,1
Interseguro nos ofrece el SOAT con uno de los precios más accesibles del mercado en la actualidad.,1
"Rimac tiene pólizas que se adecuan a su necesidad, siempre con mucha flexibilidad.",1
Una característica fundamental de todas las contrataciones que pueda realizar en Pacífico es que siempre va a tener claridad en las clausulas y complimiento total de las mismas.,1
"Gran variedad de seguros para esta marca de autos podrá encontrar en Rimac, siempre con muchos beneficios.",1
"En Interseguro con seguridad decimos que, por ejemplo, va a encontrar el precio más bajo del mercado para el SOAT.",1
"En Rimac Seguros usted podrá encontrarse siempre con la mayor cantidad de programas, siempre para cubrir todas las necesidades.",1
Mapfre tiene una forma de trabajar responsable y sin ningún tipo de complicaciones.,1
"En Interseguro encontrará siempre un precio adecuado, con descuentos y promociones.",1
"Encontrará siempre en La Positiva una atención personalizada, para así interiorizarse de todos los detalles antes de contratar.",1
En Pacífico Seguros puede sin complicaciones tener las mejores promociones y economizar.,1
"Si quiere las mejores indemnizaciones por posibles siniestros, debe asegurarse con los productos de Mapfre.",1
"Mapfre puede otorgar siempre un trato especial a sus clientes, sintiéndose ellos siempre seguros.",1
El Banco Ripley puede otorgar las mejores promociones para que usted pague lo justo y siempre con descuentos.,1
Interseguro le podrá brindar el SOAT más conveniente del mercado en todo momento.,1
Ripley le asegura productos de calidad y confianza en todo momento.,1
"Todas las necesidades de cobertura podrá satisfacerlas por medio de los servicios de Rimac, que son de lo más variados.",1
En Pacífico se encontrará con un trato personalizado y acompañamiento para garantizarle total protección.,1
Falabella es una entidad que por toda su inversión hoy en día puede estar en todas las ciudades cerca de millones de personas.,1
"En Rimac usted podrá encontrar soluciones a todas sus necesidades, ya que es una de las entidades que mayor cantidad de seguros disponibles tiene.",1
Mapfre puede garantizarle siempre precios bajos y formas cómodas para cancelar.,1
Tenemos en Pacífico siempre la mejor atención en sus agencias con cotización del plan que necesitemos en el momento.,1
Mapfre se caracteriza siempre por tener las formas más cómodas de pago en sus pólizas.,1
Podrá tener en Interseguro la forma más fácil y rápida de adquirir el SOAT.,1
Pacífico podrá otorgarle siempre costos muy accesibles en sus programas sin problemas.,1
"Rimac siempre tiene un programa disponible para responder a cada necesidad de sus clientes, de forma personalizada.",1
"Si usted busca rapidez a la hora de contratar y mínimos requisitos, no debe dudar en acudir a Falabella Seguros.",1
Todas estas son empresas con mucho respaldo en el sector empresarial que siempre nos van a otorgar las indemnizaciones que corresponda.,1
Todos los beneficios de las instituciones aseguradoras pueden ser siempre aprovechados de forma directa e inmediata.,1
Los valores como la honestidad y la responsabilidad estarán siempre presentes cuando contrate un producto de estas entidades.,1
Todas estas instituciones cuentan con un importante respaldo financiero para otorgar siempre en tiempo y forma las indemnizaciones.,1
"No tiene usted burocracias como, por ejemplo, con requisitos difíciles de cumplir en ninguna de estas empresas para tener la aprobación de su seguro.",1
Descuentos y promociones todos los meses le permiten tener valores mínimos en las pólizas.,1
Ambas compañías hoy destacadas son las que tienen los costos más bajos del mercado.,1
Tanto en Interseguro como en Mapfre las facilidades de pago están siempre presentes.,1
Puede cotizar en la página web de las dos empresas todos sus programas sin salir de su casa.,1
Los valores como responsabilidad y confiabilidad están siempre presentes en el trato con el cliente tanto en La Positiva como en Interseguro.,1
Las bonificaciones todos los meses son excelentes para que usted pueda economizar sin problema alguno.,1
"Al contratar seguros de autos en estas empresas podrá tener descuentos en seguros de hogar, salud, vida, entre otros.",1
"En todo momento estas entidades podrán otorgarle indemnizaciones por los riesgos ocurridos y cubiertos por las pólizas, con mucha inmediatez.",1
"La forma en que trabajan estas empresas se basa en la responsabilidad, confiabilidad y honestidad.",1
Todas las agencias de estas aseguradoras cuentan con funcionarios que en minutos solucionan todas las necesidades de sus clientes.,1
"Con todo el respaldo financiero que tienen estas empresas, las indemnizaciones siempre pueden ser de forma inmediata y sin demoras.",1
"En cada sede de estas entidades podrá cotizar su seguro en el momento, sin demora alguna.",1
"El alcance de todas estas coberturas es a todo el país, para lograr su seguridad sin distinción del lugar donde se encuentre.",1
La responsabilidad es la base del trabajo de estas empresas para que usted no tenga riesgos.,1
La indemnización a su vehículo por siniestros tanto en La Positiva como en Interseguro son de forma inmediata sin demoras.,1
Cada póliza tiene el costo más bajo del mercado en estas entidades para que usted economice sin complicaciones.,1
"Estamos frente a aseguradoras que le facilitan el pago de sus productos, por ejemplo, a través de distintas tarjetas de crédito.",1
Estas empresas cuentan todas con página web donde usted desde su casa puede cotizar los productos con mucha comodidad.,1
Son entidades transparentes con contratos muy confiables donde siempre va a saber las condiciones y clausulas de los mismos con precisión.,1
Si tiene accidentes puede realizar su denuncia de una forma muy fácil y simple.,1
En esta ciudad por medio de Interseguro podrá tener los mejores costos de sus seguros.,1
Las respuestas y asistencia en la vía pública es siempre total con mucha protección al cliente.,1
Las páginas web de las aseguradoras son muy útiles ya que a través de ellas podemos solicitar pólizas.,1
Si llama desde su casa a los números de estas empresas puede cotizar sin compromiso en el momento su seguro.,1
"Debido a toda la seguridad de las operaciones que puede realizar tales instituciones, nunca existen riesgos.",1
Estas son todas empresas que cuentan siempre con toda la responsabilidad en sus operaciones.,1
"Los costos mínimos en los productos es algo que siempre va a poder tener, con muchos descuentos.",1
En dichas entidades aseguradoras sin compromiso puede cotizar su plan e la página web o personalmente en las agencias.,1
"Estamos frente a empresas que tienen una actuación sumamente confiable, donde los riesgos al contratar nunca estarán presentes.",1
"Por siniestro, tiene asistencia en el momento de que él ocurra y posteriormente hasta recibir su resarcimiento.",1
Tanto Mapfre como Interseguro son empresas con un respaldo financiero muy importante para poder otorgar siempre las indemnizaciones correctas.,1
Son todas empresas que cuentan con sistemas web de cotizaciones inmediatos.,1
Valores mínimos en cada una de las coberturas es una característica en todas las entidades.,1
Indemnizaciones sin demoras siempre va a tener en caso de accidentes que cubran pólizas de estas aseguradoras.,1
"No cabe duda de que estas son instituciones muy responsables, donde al momento de contratar no va a tener riesgo alguno.",1
"Si sufre un siniestro, recibirá la indemnización que le corresponda de una forma muy ágil.",1
Las cotizaciones online puede realizarlas en todas las páginas web de estas aseguradoras.,1
Son estas todas empresas líderes que nos pueden dar respuestas sin ningún tipo de burocracias.,1
La confiabilidad es la base del trabajo de estas empresas.,1
"La atención en las agencias es personalizada, con honestidad y mucha rapidez.",1
Estas empresas están a su disposición las 24 horas del día para brindarle toda la asistencia.,1
La protección que logrará tener por medio de las coberturas de dichas aseguradoras es total.,1
"Los precios son muy reducidos, pero lo mejor, es que tiene descuentos y posibilidad de pagar en cuotas sin intereses.",1
Tendrá siempre las formas más cómodas de pago en todos los programas de estas empresas.,1
"Descuentos, promociones y costos mínimos podrá tener siempre en todos los servicios de Mapfre, Interseguro y Ripley.",1
Trabajan estas empresas con valores irrenunciables como es la responsabilidad y honestidad.,1
Sin dudas que estamos frente a entidades que trabajan todos los días para darle mínimos precios en las pólizas.,1
"Si usted contrata seguros de estas entidades, si tiene un accidente, tendrá asesoría en cuestión de minutos.",1
"La asistencia en la calle, por ejemplo, con auxilio mecánico de estas aseguradoras es sin demora alguna.",1
"Rimac es una entidad que está preparada para amoldar todos sus productos a su necesidad, con diversas propuestas muy personalizadas.",1
En Interseguro podrá tener en caso de accidentes indemnizaciones que son de forma inmediata y directa sin demoras.,1
"Se encontrará cubierto por BBVA Continental en todo momento, con una asistencia en la vía pública rápida.",1
Con más de 70 años de experiencia La Positiva cuenta con toda la responsabilidad y honestidad.,1
Las dos empresas tienen todo el respaldo necesario para poder otorgar indemnizaciones con mucha facilidad.,1
"Interseguro actúa siempre con mucha rapidez, y en horas, usted tiene su póliza.",1
Esta es una empresa responsable que cumple con todas las condiciones de sus contratos.,1
Descuentos usted tendrá siempre en los productos de Interseguro.,1
La protección que le brinda el SOAT por medio de esta aseguradora es total.,1
Si busca facilidades de pago no debe dudar que va a encontrarlas en los seguros de estas empresas.,1
"El cumplimiento de las clausulas de los contratos de La Positiva e Interseguro es siempre total, sin problemas.",1
"Podrá aprovechar costos bajos en los productos de estas aseguradoras todos los meses, como así también sus promociones.",1
¡Me sirve esta información!,1
La rapidez con que Interseguro puede darle respuestas es siempre total.,1
"La asistencia en la calle puede ser muy rápida, sin demoras o complicaciones.",1
No hay dudas de que Interseguro es la mejor empresa del país para adquirir el SOAT.,1
"Mapfre nos brinda siempre precios mínimos, con promociones y facilidades de pago.",1
Tanto Interseguro como Mapfre cuentan con valores irrenunciables como la honestidad a la hora de otorgar servicios a personas físicas o jurídicas.,1
"Podemos siempre tener respuestas por accidentes de forma muy simple, sin demoras.",1
"Estas aseguradoras en todos sus productos tienen la mejor relación entre costo y calidad, siempre con muchas promociones.",1
La agilidad es total con la que puede acceder a todas las pólizas de seguro de estas empresas.,1
Darle tranquilidad en todo momento es el objetivo de ambas empresas al ofrecerle un seguro de cualquier tipo.,1
Indemnizaciones rápidas y sin burocracias puede recibir tanto en Mapfre como en Interseguro en caso de siniestros.,1
Las promociones para economizar en las dos empresas son diarias.,1
"Mapfre tiene siempre mucha confianza a la hora de tratar con los clientes, y por eso, todos ellos se encuentran muy conformes.",1
"Con más de 3 millones de aseguradoras, La Positiva es una de las entidades que mayor respaldo tiene a nivel país.",1
"La institución Pacífico Seguros cuenta, por ejemplo, con el servicio SOAT muy económico, que no supera los S/. 95.",1
Responsabilidad y confianza es lo que siempre nos van a ofrecer también todas estas entidades además de sus excelentes productos.,1
"La mejor forma de tener seguridad en la calle, es accediendo a los programas de coberturas de estas empresas.",1
Cómodas formas de pagar y muchas promociones le garantiza tener un costo mínimo en todo momento.,1
En caso de inconvenientes en la vía pública tiene respuestas y asistencia de forma inmediata por parte de Mapfre como de Interseguro.,1
La honestidad es la base del cumplimiento de todas las clausulas del contrato que usted firma en estas empresas.,1
Realizar la contratación de producto de estas aseguradoras puede ser muy fácil y sin burocracias.,1
Las soluciones ante cualquier problema de las dos empresas son siempre inmediatas.,1
La indemnización por siniestro usted la tendrá a su disposición sin burocracias.,1
"En todo el país, sin distinción de la ciudad donde se encuentre, podrá recibir una asistencia adecuada por cualquier inconveniente con su auto, por parte de las dos aseguradoras.",1
Las agencias de esta empresa en esta ciudad son siempre con atención muy personalizada.,1
"Puede usted armar el plan de seguro a su medida, dependiendo puntualmente de su necesidad.",1
Posibilidad de pago en cuotas y sin ningún tipo de interés con costos mínimos mensuales.,1
Pacífico es una empresa donde la asistencia a sus clientes es siempre inmediata sin burocracias.,1
"La Positiva nos ofrece costos muy accesibles, reducidos y competitivos en sus seguros.",1
"Interbank nos ofrece el mejor SOAT del mercado, con promociones muy recomendables.",1
"Estas empresas siempre cuentan con mucha seguridad, para que al momento de contratar usted no tenga riesgo alguno o incumplimiento de clausulas.",1
"Tanto en Rimac como en Mapfre va a poder encontrar precios muy bajos y posibilidad de cancelar con tarjeta de crédito, es decir, con toda la comodidad.",1
"La protección de estas entidades aseguradoras es en todo el territorio nacional, sin distinción alguna.",1
"Puede pagar siempre sus seguros en estas empresas con todas las comodidades, además de tener siempre muchos descuentos.",1
"En caso de accidentes, colisiones, siniestro o cualquier tipo de daño a su vehículo cubierto, podrá tener indemnizaciones sin burocracias para realizar la reparación correspondiente.",1
La honestidad es la base del trato de todos los funcionarios en estas empresas.,1
El trabajo constante en búsqueda de soluciones concretas es el pilar del día a día de estas empresas.,1
La inversión constante le permite estar cera de los clientes de diversas formas y sin intermediarios tanto a Interseguro como a La Positiva.,1
"Todas las clausulas de los contratos son respetadas, cumpliéndose todo lo prometido sin inconvenientes.",1
Las respuestas por problemas en la calle llegan de forma inmediata con los mejores asesores de dichas entidades.,1
Los costos y formas de cancelar que cuentan estas aseguradoras son los más cómodos del mercado.,1
Los valores como la honestidad son pilares de trabajo en estas empresas aseguradoras.,1
Rimac busca fidelizar a todos sus clientes a través de un producto que puede darle asistencia sin problemas en todo momento.,1
En las oficinas de Mapfre tendrá un trato sin dudas que muy personalizado por parte de los funcionarios.,1
Interseguro otorga siempre indemnizaciones con su programa de forma muy rápida.,1
Siempre podrá tener respuestas inmediatas por todos los medios de comunicación de estas empresas.,1
"Los precios de todos los programas son reducidos y competitivos, lo que le permite economizar.",1
"Tendrá siempre una indemnización acorde al daño que tenga el auto, nunca menor.",1
Les recomiendo el SOAT de La Positiva. Hace muchísimos años que lo tengo y estoy muy conforme. ,1
"Yo tengo SOAT y seguro vehicular de Pacífico, estoy muy contento con el servicio prestado. ",1
"Gracias por la información, hace un tiempo que buscaba alternativas de SOAT para microbús de turismo. ",1
Manejo un minitaxi en Lima y estoy afiliado a AFOCAT LIMA METROPOLITANA. Es excelente el servicio. ,1
"Averigüé, y si bien el AFOCAT tiene limitaciones geográficas, es más barato que el SOAT. ",1
"Es una gran opción para nosotros los que transportamos al público ya que nos permite circular tranquilos sabiendo que si sufrimos un accidente, tendremos la cobertura que necesitamos. ",1
Es muy bueno el servicio de RIMAC para el SOAT. ,1
Yo tengo el SOAT de La Positiva; por ahora no tuve ningún problema. ,1
"No conocía el SOAT DE Rimac, veo que tienen buenos beneficios. ",1
"Muy clara la información, gracias. No sabía si tenía que pagar este impuesto. ",1
"Es cierto, es importante hacer bien los trámites si venden sus autos. Si no avisan que lo vendieron puede generarse una deuda enorme. ",1
El SAT de Lima tiene empleados muy atentos que explican todo muy claro. ,1
Muchas gracias voy a sacar mi SOAT electrónico por teléfono.,1
"No sabía como funcionaba el deducible, es muy conveniente la verdad.",1
Yo tengo seguro Pakta para particular y estoy muy conforme.,1
En la empresa donde trabajo contrataron el seguro vehicular de MAPFRE. ,1
Quiero destacar la excelente atención del personal de Mapfre; averiguamos por el seguro vehicular para transporte pesado y fueron muy amables con nosotros. ,1
No es tan fácil conseguir seguro vehicular para camiones en Perú. ,1
"No conocía el plan Kilómetros, es super útil muchas gracias.",1
"Explicaron Muchas cosas que no sabía cómo funcionaba, me encantó.",1
"Muy buena la explicación de la página, no sabia de algunas diferencias entre los tipos de seguros.",1
Me pareció muy cómodo gestionar mi seguro vehicular a través de Seguro Simple. ,1
Yo prefiero elegir el seguro por mi cuenta sin intermediarios. Con los artículos del Mejor Trato puedo sacar mis propias conclusiones. ,1
Tengo mi seguro de auto gracias a Seguro Simple. Me costaba mucho comprender las diferencias entre los seguros y los representantes de Seguro Simple me lo explicaron todo. ,1
"Voy a empezar a hacer Uber y la información me ayudó mucho, muchas gracias!!",1
Yo tengo el seguro de Mapfre y la verdad es que es muy completo.,1
"Muy bueno el artículo, la verdad está muy bien explicado y detallado.",1
Yo creo que se están dando cuenta del gran mercado digital que hay y de su practicidad  y por ello van por ese pastel. No en vano Mapfre es considerada por la Condusef como la mejor aseguradora de México en su último reporte.,1
coincido con misael yo contrate un seguro de daños en mapfre y la verdad que me respondieron muy bien,1
un gran aporte: claro y conciso.,1
es seguro y la promoción es real,1
Muy buen post!,1
Su oportunidad y servicio. además la mejores tasas del mercado,1
Muy buena la información que brinda el post. Lo compartiré con mis conocidos que necesitan un seguro,1
"el post aporta informacion muy interesante. Muy bueno y conciso, lo recomiendo.",1
"Tengo en éste momento y desde hace cuatro años Seguros Rivadavia por que siempre tuve respuesta en cualquier situación, para mí es una empresa transparente y en cuanto a los siniestros tiene buena y rápida respuesta.",1
"es un buen post, me parecio muy bueno e interesante espero que sigan escribiendo posts buenos como este",1
"Que buen post, esta genial!",1
"Me parece muy bueno el mejor trato, excelente post la verdad que lo recomiendo a todos.",1
"Le doy 5 estrellas porque es un muy buen post, muy claro, conciso y bien explicado. Excelente",1
Lo que dice el post es real. Excelente atencion de siniestros! Recomendable. Muy bueno genial,1
Excelente servicio en todos los ramos,1
"Excelente seguro, siempre me han respondido. En dos oportunidades me chicaron y no tuve problema",1
"la mejor aseguradora y precios axecibles. muy buena la atencion,al menos yo no tengo que quejarme,siempre me respondio",1
"Excelente, una herramienta importante para nuestros asegurados y también para nosotros los productores, gracias por estar siempre invirtiendo en sistemas",1
Es una de las empresas más serias y confiables del mercado . Se nota el compromiso con sus asegurados. ,1
Recomiendo completamente Seguros Rivadavia.,1
"Sinceramente, excelente la atención!En 5 minutos despejaron mis dudas y me solucionaron mi problema.",1
"Exelente, muy buena atención!",1
"Compania se seguros muy responsable, con mucha atención humana y respalda a sus productores.",1
excelente atencion y compromiso,1
"Excelente trato telefónico, respuesta inmediata!",1
 se portaron de diez todo rápido felciito a seguros Rivadavia quilmes,1
"Encantado con la empresa y los profesionales de Seguros Rivadavia, excelente atención.",1
resolvieron en muy buen tiempo y brindando un servicio de calidad.,1
su atención y pronta respuesta muy bien quedó felicitar a los directivos y trabajadores de Seguro Rivadavia por la excelente atención y pronta respuesta,1
"Excelente servicio y atención, muy conforme con la compañía!!!",1
"Excelente compañía de Seguros! Tanto en atención del personal, como en los servicios que brinda. La recomiendo",1
ES MUY RECOMENDABLE,1
"La recomiendo, excelente servicio y muy buena atencion al cliente",1
La mejor atención y servicio,1
"Es una empresa muy segura, y en los siniestros tiene respuesta muy rápida.",1
Excelente! Altamente recomendable,1
Excelente atención. La mejor nunca me falló. Felicito a la empresa por el nivel de sus empleados.-,1
Excelente atención tanto telefónica como personalmente! Muy recomendable,1
muy buena atención y rápidos para solucionar el siniestro! el.seguimiento muy bueno! muchas gracias,1
Hace años que estoy asegurada! Muy conforme!!!,1
"Super recomendable, gran atención, servicio y grupo humano!",1
Es un gusto que una empresa argentina atienda de esa manera. Tiene un sistema por web fantástico,1
Excelente este seguro que tiene compromiso por sus clientes,1
"Excelente atención, como siempre. Muchas gracias de nuevo",1
"Excelente atencion recibida tanto on line como telefonica, muy buena compañia de seguros",1
Gracias porque siempre me han sabido atender muy bien. Me tuvieron paciencia para explicarme todo y cumplieron cuando los necesité.,1
Recomiendo asegurarse en Rivadavia! son muy buenos y atienden muy bien. es un muy buen servicio,1
" Lo recomiendo, lo mejor del mercado asegurador",1
El trato que recibí fue excelente. Que bueno que sepan guiar a sus clientes de buenas maneras y con respeto.,1
Excelente Aseguradora! Brinda rápida respuesta a sus Asegurados y a sus Productores Asesores de Seguros. Atención personalizada,1
Excelente atención al publico!! Rapidez en la solución de problemas; responsables y muy confiables,1
"recomiendo esta empresa. Eficiente, es como se dice, el mejor servicio, siempre a su servicio!!!",1
"Muy buena la atención!! Las chicas del call ,son bárbaras . Muy conforme con la empresa! Gracias.",1
La excelencia de esta emrpesa se forja por la calidad de personal humano que la compone!,1
"Tengo todo asegurado en Rivadavia nunca tuve problemas, aun en situaciones desfavorables para la aseguradora",1
Excelente atención. Muy buenos servicios. Siempre me solucionan todos los problemas.,1
Excelente servicio tuve como 10 siniestros y siempre responden. Rápido y con muy buena atención.,1
"Buena atención y predisposición , respuesta pronta y efectiva !! Muy recomendable",1
La mejor empresa del mercado asegurador! Perfecto servicio y la mejor atencion al cliente. super recomendable.,1
Siempre responden eficientemente y en los tiempos pactados. Atención cálida y cortes,1
"Excelente atención! Fui a denunciar un choque, me atendieron inmediatamente y solucionaron el tema con mucha rapidez y óptima atención. Felicitaciones!!!",1
"Muy buena atención, tanto telefónica como personal.",1
"Excelente atención, muy buen asesoramiento, nunca un problema!! Recomendable",1
"Excelente el call center. La atención es muy profesional, y cordial. Muestran compromiso en la resolución de problemas y dudas en general",1
"Excelente seguro, atención inmediata, eficiente y cordial!",1
Muy buena la atención telefónica,1
"Este post es muy bueno, explica todo bien y se entiende perfecto. ",1
"Muy buen post, detallado y bien explicado. Los felicito!",1
Excelente atención al público muy buena predisposicion y rapidez para solucionar los problemas,1
"Verdaderamente un espectáculo, siempre que los necesité me ayudaron y trataron muy bien.",1
Tuve un accidente muy complicado y pudieron ayudarme en todo el proceso.,1
"Buen seguro, yo lo tengo y cero problema.",1
"En 2 minutos contraté el seguro desde la página y me llegó la póliza a mi mail, super rápido!",1
Es un gran seguro bien completo.,1
Yo en 2 minutos la aseguré y ya me mandaron todo por mail. Impecable y 100 por 100 recomendable.,1
"Me parece genial este seguro. Desde que lo contraté, nunca un problema. Cumplen siempre.",1
"Es una gran satisfacción para mí ser agente de seguros, contando con el respaldo de las aseguradoras y destaco la labor y la visión de HDI",1
Bravo!!! Excelente información,1
"Excelente compañia, años que tengo comprando mis seguros, de casa y carro",1
"a mi me atendieron super bien,yo si recomiendo HDI seguros",1
"Excelente trato y servicio, todo quedó excelente y x segundo año lo contratamos de nuevo. 100% recomendado",1
en lo personal me parece muy confiable,1
"el servicio al cliente, la forma en la que sus agentes se involucran en cada problema a resolver de un asegurado, las empresas reparadoras por lo menos en Almería, son las mejores",1
"Muy contenta con el servicio, grandes profesionales",1
Es una empresa genial que te ayuda en todos los sentidos,1
"Me parece un muy buen post, completo, conciso y correcto",1
Le doy 5 estrellas. Esta genial,1
En mi opinion este es un buen post. La empresa de seguros es confiable y el post brinda informacion completa,1
Yo no tengo mala experiencia con Verti.Mientras que todas las compañías me rechazan fueron los unicos que me han aceptado.,1
Un precio muy competitivo y por el momento el servicio recibido ha sido fantástico.,1
"Estoy de acuerdo con todos los comentarios que leo. El post es interesante, correcto y aporta buena informacion",1
"No concuerdo con algunas cosas que dice el post, sin embargo, es completo y bueno asique le doy 4 estrellas",1
Me parece un servicio completo y recomendable. No tuve que utilizarlo pero me sentía muy tranquila durante mi estancia en Nueva York.,1
Encantado si tienes problemas te los solucionan fácilmente.,1
Claridad y facil gestión. Gracias a Dios no tuvimos que hacer uso del seguro.,1
"Rápido, sencillo y útil. Lo utilicé en un viaje a la Isla de Pascua que me hice un esguince y estoy más que satisfecho :)",1
No necesite utilizar los servicios contratados pero las coberturas cumplían mis necesidades.,1
"Tuve la necesidad de utilizar mi seguro durante mi viaje a Tailandia y la atención por correo electrónico fue rápida a pesar de ser tarde por la noche,",1
me brindaron asistencia en un muy buen hospital. Recomiendo ampliamente esta agencia de seguro.,1
"He contratado seguro de viaje dos veces con ellos, por suerte nunca he tenido que utilizarlo",1
La gestión y la transparencia a la hora de contratarlo y recibir información ha sido buena,1
"Recomendable. la contratación ha sido súper fácil, rápida, con coberturas muy completas y a un precio muy competitivo.",1
Hace años que contrato los seguros de anulación y asistencia en viaje. Tuve que usar el de anulación en una ocasión por un diagnóstico médico y la gestión fue muy ágil,1
"Excelente servicio, muy atentos y pendientes de todo, usamos el servicio médico en Miami y lograron hacer que nos atendieran rápido y con todo lo necesario para regresar tranquilos a casa",1
me atendieron bien por telefono aun que nunca tuve que pedir ayuda medica. siempre los temas administrativos etc y siempre bien.,1
"Por desgracia tuvimos que utilizar el seguro medico contratado.Todo fueron facilidades,nos atendieron en el propio hotel,por lo que no tuvimos que desplazarnos.Fueron encantadores !",1
Recomiendo sin ninguna duda este seguro para cualquier viaje que se realice.,1
"Afortunadamente no hemos usado la políza, pero precio y coberturas excelentes.",1
100% comodidad al contratar el seguro,1
siempre que viajo voy muy tranquila contratando el seguro con ustedes ya que tengo muy buenas referencias,1
Se lo recomiendo a todos mis conocidos que vayan a viajar,1
"La contratación fue sencilla y rápida. El precio muy competitivo. Por suerte, no lo tuve que usar.",1
Todo genial. Les necesité y respondieron inmejorablemente,1
Me lo recomendó un familiar. Fue muy fácil contratar el seguro. No hice uso de sus servicios pues no tuve necesidad.,1
"Fácil de contratar, buenas coberturas.",1
Tuvimos un percance en Copenhague y se portaron fenomenal de principio a fin. Siempre viajaremos con ellos!,1
"Un seguro fácil de contratar, entendible, fácil de contactar y con un funcionamiento muy efectivo. Todos los trámites para la devolución on line y sin poner pegas.",1
Gran seguro !! Y geniales condiciones. El post también me parecio bueno e interesante. Le doy 5 estrellas.,1
"Siempre viajo con la seguridad que me ofrece esta compañía y la recomiendo a todas mis amistades y conocidos, pues IATI Seguros me ofrece, seguridad, tranquilidad y felicidad.",1
fácil y cómodo de contratar. Además después de tiempo comparando es el mejor calidad-precio,1
He viajado tranquila con la suerte de no necesitar usar las coberturas.,1
"El mejor seguro de viaje que he tenido en mucho tiempo, lo contraté ya para dos viajes y lo tuve que usar en el desierto de Masada en Israel y funcionó a la perfección.",1
"En cualquier caso, todo el proceso de contratación, información y coberturas me parece muy claro y rápido.",1
Gestión rápida. Me informaron en todo momento como hacer frente a los imprevistos surgidos.,1
"Todo bien, siempre rápido y eficaz",1
"Buen servicio, me pidieron mucha documentación, pero dadas las circustancias me pareció razonable.",1
Es una empresa seria y cumplidora. Lo recomiendo,1
"Lo que dice el post es cierto. Muy claro e interesante, lo digo por experiencia. Gracias por la informacion",1