text,state,,
Yo creo que se están dando cuenta del gran mercado digital que hay y de su practicidad  y por ello van por ese pastel. No en vano Mapfre es considerada por la Condusef como la mejor aseguradora de México en su último reporte.,1,,
coincido con misael yo contrate un seguro de daños en mapfre y la verdad que me respondieron muy bien,1,,
un gran aporte: claro y conciso.,1,,
es seguro y la promoción es real,1,,
Muy buen post!,1,,
Su oportunidad y servicio. además la mejores tasas del mercado,1,,
Muy buena la información que brinda el post. Lo compartiré con mis conocidos que necesitan un seguro,1,,
"el post aporta informacion muy interesante. Muy bueno y conciso, lo recomiendo.",1,,
"Tengo en éste momento y desde hace cuatro años Seguros Rivadavia por que siempre tuve respuesta en cualquier situación, para mí es una empresa transparente y en cuanto a los siniestros tiene buena y rápida respuesta.",1,,
"es un buen post, me parecio muy bueno e interesante espero que sigan escribiendo posts buenos como este",1,,
"Que buen post, esta genial!",1,,
"Me parece muy bueno el mejor trato, excelente post la verdad que lo recomiendo a todos.",1,,
"Le doy 5 estrellas porque es un muy buen post, muy claro, conciso y bien explicado. Excelente",1,,
Lo que dice el post es real. Excelente atencion de siniestros! Recomendable. Muy bueno genial,1,,
Excelente servicio en todos los ramos,1,,
"Excelente seguro, siempre me han respondido. En dos oportunidades me chicaron y no tuve problema",1,,
"la mejor aseguradora y precios axecibles. muy buena la atencion,al menos yo no tengo que quejarme,siempre me respondio",1,,
"Excelente, una herramienta importante para nuestros asegurados y también para nosotros los productores, gracias por estar siempre invirtiendo en sistemas",1,,
Es una de las empresas más serias y confiables del mercado . Se nota el compromiso con sus asegurados. ,1,,
Recomiendo completamente Seguros Rivadavia.,1,,
"Sinceramente, excelente la atención!En 5 minutos despejaron mis dudas y me solucionaron mi problema.",1,,
"Exelente, muy buena atención!",1,,
"Compania se seguros muy responsable, con mucha atención humana y respalda a sus productores.",1,,
excelente atencion y compromiso,1,,
"Excelente trato telefónico, respuesta inmediata!",1,,
 se portaron de diez todo rápido felciito a seguros Rivadavia quilmes,1,,
"Encantado con la empresa y los profesionales de Seguros Rivadavia, excelente atención.",1,,
resolvieron en muy buen tiempo y brindando un servicio de calidad.,1,,
su atención y pronta respuesta muy bien quedó felicitar a los directivos y trabajadores de Seguro Rivadavia por la excelente atención y pronta respuesta,1,,
"Excelente servicio y atención, muy conforme con la compañía!!!",1,,
"Excelente compañía de Seguros! Tanto en atención del personal, como en los servicios que brinda. La recomiendo",1,,
ES MUY RECOMENDABLE,1,,
"La recomiendo, excelente servicio y muy buena atencion al cliente",1,,
La mejor atención y servicio,1,,
"Es una empresa muy segura, y en los siniestros tiene respuesta muy rápida.",1,,
Excelente! Altamente recomendable,1,,
Excelente atención. La mejor nunca me falló. Felicito a la empresa por el nivel de sus empleados.-,1,,
Excelente atención tanto telefónica como personalmente! Muy recomendable,1,,
muy buena atención y rápidos para solucionar el siniestro! el.seguimiento muy bueno! muchas gracias,1,,
Hace años que estoy asegurada! Muy conforme!!!,1,,
"Super recomendable, gran atención, servicio y grupo humano!",1,,
Es un gusto que una empresa argentina atienda de esa manera. Tiene un sistema por web fantástico,1,,
Excelente este seguro que tiene compromiso por sus clientes,1,,
"Excelente atención, como siempre. Muchas gracias de nuevo",1,,
"Excelente atencion recibida tanto on line como telefonica, muy buena compañia de seguros",1,,
Gracias porque siempre me han sabido atender muy bien. Me tuvieron paciencia para explicarme todo y cumplieron cuando los necesité.,1,,
Recomiendo asegurarse en Rivadavia! son muy buenos y atienden muy bien. es un muy buen servicio,1,,
" Lo recomiendo, lo mejor del mercado asegurador",1,,
El trato que recibí fue excelente. Que bueno que sepan guiar a sus clientes de buenas maneras y con respeto.,1,,
Excelente Aseguradora! Brinda rápida respuesta a sus Asegurados y a sus Productores Asesores de Seguros. Atención personalizada,1,,
Excelente atención al publico!! Rapidez en la solución de problemas; responsables y muy confiables,1,,
"recomiendo esta empresa. Eficiente, es como se dice, el mejor servicio, siempre a su servicio!!!",1,,
"Muy buena la atención!! Las chicas del call ,son bárbaras . Muy conforme con la empresa! Gracias.",1,,
La excelencia de esta emrpesa se forja por la calidad de personal humano que la compone!,1,,
"Tengo todo asegurado en Rivadavia nunca tuve problemas, aun en situaciones desfavorables para la aseguradora",1,,
Excelente atención. Muy buenos servicios. Siempre me solucionan todos los problemas.,1,,
Excelente servicio tuve como 10 siniestros y siempre responden. Rápido y con muy buena atención.,1,,
"Buena atención y predisposición , respuesta pronta y efectiva !! Muy recomendable",1,,
La mejor empresa del mercado asegurador! Perfecto servicio y la mejor atencion al cliente. super recomendable.,1,,
Siempre responden eficientemente y en los tiempos pactados. Atención cálida y cortes,1,,
"Excelente atención! Fui a denunciar un choque, me atendieron inmediatamente y solucionaron el tema con mucha rapidez y óptima atención. Felicitaciones!!!",1,,
"Muy buena atención, tanto telefónica como personal.",1,,
"Excelente atención, muy buen asesoramiento, nunca un problema!! Recomendable",1,,
"Excelente el call center. La atención es muy profesional, y cordial. Muestran compromiso en la resolución de problemas y dudas en general",1,,
"Excelente seguro, atención inmediata, eficiente y cordial!",1,,
Muy buena la atención telefónica,1,,
"Este post es muy bueno, explica todo bien y se entiende perfecto. ",1,,
"Muy buen post, detallado y bien explicado. Los felicito!",1,,
Excelente atención al público muy buena predisposicion y rapidez para solucionar los problemas,1,,
"Verdaderamente un espectáculo, siempre que los necesité me ayudaron y trataron muy bien.",1,,
Tuve un accidente muy complicado y pudieron ayudarme en todo el proceso.,1,,
"Buen seguro, yo lo tengo y cero problema.",1,,
"En 2 minutos contraté el seguro desde la página y me llegó la póliza a mi mail, super rápido!",1,,
Es un gran seguro bien completo.,1,,
Yo en 2 minutos la aseguré y ya me mandaron todo por mail. Impecable y 100 por 100 recomendable.,1,,
"Me parece genial este seguro. Desde que lo contraté, nunca un problema. Cumplen siempre.",1,,
"Es una gran satisfacción para mí ser agente de seguros, contando con el respaldo de las aseguradoras y destaco la labor y la visión de HDI",1,,
Bravo!!! Excelente información,1,,
"Excelente compañia, años que tengo comprando mis seguros, de casa y carro",1,,
"a mi me atendieron super bien,yo si recomiendo HDI seguros",1,,
"Excelente trato y servicio, todo quedó excelente y x segundo año lo contratamos de nuevo. 100% recomendado",1,,
en lo personal me parece muy confiable,1,,
"el servicio al cliente, la forma en la que sus agentes se involucran en cada problema a resolver de un asegurado, las empresas reparadoras por lo menos en Almería, son las mejores",1,,
"Muy contenta con el servicio, grandes profesionales",1,,
Es una empresa genial que te ayuda en todos los sentidos,1,,
"Me parece un muy buen post, completo, conciso y correcto",1,,
Le doy 5 estrellas. Esta genial,1,,
En mi opinion este es un buen post. La empresa de seguros es confiable y el post brinda informacion completa,1,,
Yo no tengo mala experiencia con Verti.Mientras que todas las compañías me rechazan fueron los unicos que me han aceptado.,1,,
Un precio muy competitivo y por el momento el servicio recibido ha sido fantástico.,1,,
"Estoy de acuerdo con todos los comentarios que leo. El post es interesante, correcto y aporta buena informacion",1,,
"No concuerdo con algunas cosas que dice el post, sin embargo, es completo y bueno asique le doy 4 estrellas",1,,
Me parece un servicio completo y recomendable. No tuve que utilizarlo pero me sentía muy tranquila durante mi estancia en Nueva York.,1,,
Encantado si tienes problemas te los solucionan fácilmente.,1,,
Claridad y facil gestión. Gracias a Dios no tuvimos que hacer uso del seguro.,1,,
"Rápido, sencillo y útil. Lo utilicé en un viaje a la Isla de Pascua que me hice un esguince y estoy más que satisfecho :)",1,,
No necesite utilizar los servicios contratados pero las coberturas cumplían mis necesidades.,1,,
"Tuve la necesidad de utilizar mi seguro durante mi viaje a Tailandia y la atención por correo electrónico fue rápida a pesar de ser tarde por la noche,",1,,
me brindaron asistencia en un muy buen hospital. Recomiendo ampliamente esta agencia de seguro.,1,,
"He contratado seguro de viaje dos veces con ellos, por suerte nunca he tenido que utilizarlo",1,,
La gestión y la transparencia a la hora de contratarlo y recibir información ha sido buena,1,,
"Recomendable. la contratación ha sido súper fácil, rápida, con coberturas muy completas y a un precio muy competitivo.",1,,
Hace años que contrato los seguros de anulación y asistencia en viaje. Tuve que usar el de anulación en una ocasión por un diagnóstico médico y la gestión fue muy ágil,1,,
"Excelente servicio, muy atentos y pendientes de todo, usamos el servicio médico en Miami y lograron hacer que nos atendieran rápido y con todo lo necesario para regresar tranquilos a casa",1,,
me atendieron bien por telefono aun que nunca tuve que pedir ayuda medica. siempre los temas administrativos etc y siempre bien.,1,,
"Por desgracia tuvimos que utilizar el seguro medico contratado.Todo fueron facilidades,nos atendieron en el propio hotel,por lo que no tuvimos que desplazarnos.Fueron encantadores !",1,,
Recomiendo sin ninguna duda este seguro para cualquier viaje que se realice.,1,,
"Afortunadamente no hemos usado la políza, pero precio y coberturas excelentes.",1,,
100% comodidad al contratar el seguro,1,,
siempre que viajo voy muy tranquila contratando el seguro con ustedes ya que tengo muy buenas referencias,1,,
Se lo recomiendo a todos mis conocidos que vayan a viajar,1,,
"La contratación fue sencilla y rápida. El precio muy competitivo. Por suerte, no lo tuve que usar.",1,,
Todo genial. Les necesité y respondieron inmejorablemente,1,,
Me lo recomendó un familiar. Fue muy fácil contratar el seguro. No hice uso de sus servicios pues no tuve necesidad.,1,,
"Fácil de contratar, buenas coberturas.",1,,
Tuvimos un percance en Copenhague y se portaron fenomenal de principio a fin. Siempre viajaremos con ellos!,1,,
"Un seguro fácil de contratar, entendible, fácil de contactar y con un funcionamiento muy efectivo. Todos los trámites para la devolución on line y sin poner pegas.",1,,
Gran seguro !! Y geniales condiciones,1,,
"Siempre viajo con la seguridad que me ofrece esta compañía y la recomiendo a todas mis amistades y conocidos, pues IATI Seguros me ofrece, seguridad, tranquilidad y felicidad.",1,,
fácil y cómodo de contratar. Además después de tiempo comparando es el mejor calidad-precio,1,,
He viajado tranquila con la suerte de no necesitar usar las coberturas.,1,,
"El mejor seguro de viaje que he tenido en mucho tiempo, lo contraté ya para dos viajes y lo tuve que usar en el desierto de Masada en Israel y funcionó a la perfección.",1,,
"En cualquier caso, todo el proceso de contratación, información y coberturas me parece muy claro y rápido.",1,,
Gestión rápida. Me informaron en todo momento como hacer frente a los imprevistos surgidos.,1,,
"Todo bien, siempre rápido y eficaz",1,,
"Buen servicio, me pidieron mucha documentación, pero dadas las circustancias me pareció razonable.",1,,
Es una empresa seria y cumplidora. Lo recomiendo,1,,
Me parece un buen post!,1,,
"genial, interesante, buen post. Le dejo 5 estrellas",1,,
esta genial. Me parece interesante y bien redactado. Le dejo 4 estrellas porque hay cosas para mejorar. Pero muy bueno en general!,1,,
"el post es interesante, bueno y completo. lo que dice es cierto asique me gusto",1,,
me gusto el post. da gusto leer cuando se escribe tan claro sobre un tema. Me parece muy valiosa la informacion que proveen sobre esta compañia. Le doy 5 estrellas a el post,1,,
Genial! gracias por la información que brindan en sus posts! me sirve mucho. ,1,,
"Me es de muchisima utilidad todo lo que escriben en sus posts. Esta buenisimo, le doy 5 estrellas",1,,
"Tengo en éste momento y desde hace cuatro años Seguros Rivadavia por que siempre tuve respuesta en cualquier situación, para mí es una empresa transparente y en cuanto a los siniestros tiene buena y rápida respuesta.",1,,
Excelente atencion de siniestros!,1,,
seguridad responsabilidad buena atencion,1,,
"¡¡¡ Excelente !!!! Me chocaron de atrás y como el otro vehículo estaba asegurado en La Segunda, que tiene convenio CLEAS con Seguros Rivadavia, en menos de dos meses me arreglaron el vehículo perfecto cambiando las piezas afectadas y sin pagar un peso.",1,,
Comunicación periódica y rapidísima atención vía mail. Solicité las facturas de las partes afectadas y la denuncia del siniestro para presentar en el grabado de las autopartes y en menos de una hora ya las enviaron,1,,
Me gusta el post. Felicitaciones. Les dejo 5 estrellas,1,,
"exelente, muy recomendable. la aplicacion funciona perfecto",1,,
"Son excelentes!!el servicio de grúas muy bueno. Muy satisfecho,muy cordiales, atentos.Atención magistral da satisfacción cuando te escuchan y solucionan cualquier percance como esta empresa gracias muy conforme",1,,
Buen y muy rápido servicio.,1,,
"Por el momento todo perfecto. La App a destacar, muy completa.",1,,
"Estamos conformes, hace unos meses que estamos y todo está muy bien.",1,,
"Realmente todo exelente por el momento , entre como referido y recibi los gift card , te podes comunicar via whatsapp y te atienden enseguida , los recomiendo !!!",1,,
Muy conforme hasta ahora nunca use el servicio pero siempre me mantienen al tanto de todo,1,,
Una excelente atención! Gracias,1,,
"Si estoy contento y muy buen servicio,para recomendar.",1,,
"se cumplen sin problemas las pautas establecidas; se registran los pagos, en forma automática",1,,
Siempre atentos y serviciales. Los operadores buena onda. Un seguro que responde y paga.,1,,
"La experiencia de contratación fue fabulosa. Eso más el respaldo de San Cristóbal, me convencieron.",1,,
Al momento es la mejor experiencia en cuanto seguros de autos,1,,
Muy recomendable,1,,
Estoy contento con el servicio es muy práctico que sea todo virtual,1,,
La atencion de Romina fue excelente. Muy precisa. Y muy amable. Y muy agil.,1,,
"Muy buen servicio(atención y asesoramiento) y rápida resolución de los siniestros presentados , nada que criticar ni objetar",1,,
Todo perfecto por ahora,1,,
Superó mis expectativas,1,,
"Me parece muy ágil la forma de contratación, actualizada a estos tiempos. ",1,,
Muy practico,1,,
Excelente servicio muy eficiente,1,,
"Todo muy rápido, perfecto.",1,,
"Excelente atención, rapidez en la contratación. ",1,,
"Hasta el momento respondieron en tiempo y forma. El sistema es muy práctico, y eficiente",1,,
"Muy buena atención, cordial y rápido.",1,,
Por ahora muy bien y agil,1,,
si la atencion telefonica muy rapida y muy efectiva .desde ya muy agradecido por el servicio,1,,
El proceso de contratacion fue optim,1,,
Nunca tuve ningún problema. Muchas gracias,1,,
"Muy buena la atención de esta compañia, el post interesante y bien redactado. Lo comparto y recomiendo",1,,
"simplemente excelente la atención recibida desde el telefonista hasta la grúa, ",1,,
Excelente servicio. Y buena atención ante el pedido de traslado,1,,
Por ahora estoy muy positivo con el servicio.,1,,
"Me encanta el servicio, cuándo usé la grúa llegó en menos de una hora.",1,,
"Sorprendido de muy buena manera en como funcionó todo, desde el contacto inicial hasta la autogestion en la app. Felicitaciones.",1,,
Me siento muy acompañado con el seguro del auto de esta compañia. Recomendable,1,,
"La gestión de alta es muy buena.
Todavía, por suerte, no he utilizado el servicio.
Saludos.",1,,
"Hasta ahora no fue necesario utilizarlo,pero me siento confiando debido al trato que tuve cuando consulte todas mis dudas sobre a la hora de asociarme.",1,,
Muy satisfecho con la atención y el seguro gracias,1,,
Todo correcto. Doy 5 estrellas,1,,
"Todo muy bien, gracias",1,,
Excelente atención del vendedor por whatsapp.,1,,
Estoy conforme. El post es bueno,1,,
La atencion muy buena y eficiemte,1,,
Por el momento no he tenido necesidad de usar el servicio. De todas formas parece ser bueno. Me atendieron muy bien,1,,
Ya los estoy recomendando !!,1,,
Muy conforme por el trato y deseos de solucionar el problema por parte de la persona del ser,1,,
hasta ahora todo muy bien.,1,,
Sencilla y excelente,1,,
Por el momento todo perfecto. Para mi es muy práctico que sea todo on line. Fácil de manejar la App y para subir las fotos.,1,,
"Estoy satisfecha, aún no lo necesite, tengo hace poco el seguro, espero que no aumente mucho. Pero por ahora todo bien",1,,
Lo recomendaria,1,,
Muy positivo poder realizar todo online.,1,,
la verdad no puedo opinar encuanto a los servicios porque gracias a Dios no los tuve que utilizar.en cuanto a la atencion cuando saque el seguro mil puntos.gracias,1,,
Rapida antencion,1,,
"Todavía no tuve que hacer uso del servicio, ahí se verá. Por ahora todo bien",1,,
"Muy buena atención, explicaciones claras",1,,
todo muy bien y en buenos tiempos,1,,
"La App de la empresa es excelente, te envía notificaciones, tramitas todo desde allí.",1,,
estoy mucho mas que satisfecho con el producto y sus beneficios que me brindan,1,,
por ahora estoy muy contenta.,1,,
Muy buena la atencion.. Y práctica la app.,1,,
todo ok,1,,
Soy un nuevo asegurado. 2 meses y no tengo nada de que quejarme. Muy buena atencion!! Gracias!!,1,,
"La experiencia fue muy buena, desde que me contactaron las recomendaciones e indicaciones que me dieron se cumplieron y eso me parecio excelente.",1,,
Muy buena la atención,1,,
Hasta ahora no tuve ningún inconveniente con el auto. El resto fue todo ok,1,,
Me resultó práctico la forma de darme de alta en el seguro de forma on-line a través de la aplicación y el costo del seguro fue menor al que tenía contratado previamente. ,1,,
Conforme,1,,
Muy conforme,1,,
Hasta el momento muy buena atención,1,,
"Grandes empleados, excelente empresa.",1,,
Excelente servicio en todos los ramos,1,,
"Buena atención, tanto telefónica como con el cumplimiento del servicio. La app funciona muy bien.",1,,
"Por ahora no necesite usarla pero estoy contento con la empresa y su atencion
",1,,
estoy contenta,1,,
Muy buena atención,1,,
Estoy conforme con la contratación y la atención al cliente. Aún no hice uso de los servicios extras que brindan,1,,
Estoy muy satisfecho con la atención y gestión de los operadores,1,,
"Muy práctico el servicios de asistencia mecánica ligera, sumado a eso la demora para el auxilio para transportar el vehículo, experiencia 100% recomendable",1,,
Todo muy sencillo,1,,
Es muy buena esta compañia de seguro,1,,
hasta el momento todo en orden,1,,
lo realmente importante del seguro que es que respondan de manera rapida y cubriendo el daño,1,,
Todo muy bien según lo prometido. Simple de contratar y de hacer el proceso.,1,,
Es todo muy sencillo y te comunicas muy rapido. La atención es muy buena.,1,,
"es rápido , me gusta , estoy conforme",1,,
La atención comercial muy buena.... No utilize ningún servicio no se como será... Pero son cordiales y eso es bueno,1,,
Hasta ahora no necesite ningun servicio.,1,,
POR EL MOMENTO EXCELENTE ...ME GUSTA POR TODO LO TENGO POR LA APLICACIÓN ME AHORRA TIEMPO.,1,,
Excelente servicio y atención sigan así!!,1,,
TODO OK. ESTOY CONFORME,1,,
Excelente todo. Hasta no tuve ningún incidente. Pero la experiencia de adhesión fue espectacular.,1,,
"Hasta el momento estoy conforme con el servicio, todo fue rápido y sencillo.",1,,
"Todo el trámite fue fácil, cordial, y pensando en el tiempo del asegurado",1,,
Hace menos de un mes que los contraté; tuve un inconveniente con vehículo; la asistencia fue muy buena.,1,,
"muy contenta , excelente.",1,,
"Hasta ahora no tengo nada que reclamar todo lo pactado se esta cumpliendo, esperemos que siga así",1,,
"Nada de que quejarme. Todo muy bien. Gracias, recomendable",1,,
Con respecto a la atención muy conforme,1,,
Su respuesta es rápida y eficaz.,1,,
Hasta el momento el servicio ha sido satisfactorio,1,,
El servicio es muy bueno,1,,
Conforme con el servicio prestado en los dos meses de uso,1,,
muy buena atencion!!1 te atienden siempre rapido!,1,,
Es buena por ahora buena atención al recibirme como cliente las opciones qué dan también me gustan y el precio de lo que pago por el servicio es correcto a mi parecer ,1,,
Su atención es de primera,1,,
La verdad por el momento estoy satisfecho con la atención brindada,1,,
tienen muy buen costo beneficio según mi contrato comparado con el anterior,1,,
Todo estuvo bien en este mí primer mes con iunigo,1,,
Lo mejor,1,,
"aun no he tenido siniestro alguno, y la atencion y practicidad son optimas.",1,,
"Correcto servicio del taller, respuesta rápida de la aseguradora",1,,
Tengo buenas experiencias con esta empresa. La recomiendo,1,,
"Todo bien, sin reclamos",1,,
"En primer lugar un excelente precio, poder comunicarme fácilmente con un asistente, una vez necesite la grúa y llego rápido y no fue necesario ir a una base para contratarlo.",1,,
Me fue muy práctica la contratación y en todo momento se comunican conmigo vía mail y la app está muy buena.Tuve que pedir auxilio y vino rápido. Muy conforme.,1,,
Todo bien sin quejas,1,,
Estoy contento con el servicio,1,,
Estoy muy conforme con la atención brindada,1,,
"Excelente servicio de auxilio , excelente servicio telefónico , excelente la app...",1,,
"Hasta el momento, todo es impecable",1,,
Por ahora todo excelente. En general por ahora estoy conforme ,1,,
Muy bueno y practico. Asegurar el auto fue muy rapido y simple .muy amables los empleados que me atendieron,1,,
todos bien estoy muy contento con la empresa muy bien saludos,1,,
Los necesite a un siendo socio hacia 15 dias y respondieron genial!,1,,
Excelente servicio! El mejor seguro que tuve hasta ahora. Eficientes y de repuesta rápida! Muchas gracias,1,,
Hasta ahora las veces que requería asistencia mecánica respondieron bien y rápido.,1,,
por ahora tengo que decir que estoy soprendido con el sistema y la muy buena respuesta ante todo !!! sigan asi,1,,
"Todo muy bien, según lo acordado. Excelente trato del personal con el que hablamos",1,,
"Soy un cliente nuevo, no he tenido inconvenientes de ningún tipo hasta hoy y me siento conforme con el trato recibido.",1,,
Podes comparar muchas más alternativas en poco tiempo.,1,,
Sura Seguros muy recomendable.,1,,
"Buen artículo, es difícil conseguir buenas coberturas a partir de cierta antigüedad en el vehículo.",1,,
Con la cobertura de responsabilidad civil me doy por satisfecho.,1,,
Buenisimo para mi que uso muy poco el auto.,1,,
"Me encantá la idea, espero funcione tan bien como dicen",1,,
"Que buena está la posibilidad de hacer todo por la web, realmente no tengo mucho tiempo par a ir a una sucursal.",1,,
"Conozco Sancor Seguros, he asegurado un auto con ellos y siempre tuve la mejor respuesta.",1,,
Me gusta el cotizador de Falabella porque se puede cotizar el seguro para auto en varias compañías.,1,,
"Soy cliente del Banco Patagonia, muy satisfecho con sus servicios porque siempre están mejorando la atención y haciendo más fácil las cosas",1,,
"Nunca había utilizado un seguro tan bueno. Además el precio, lo hace mucho mejor.",1,,
Una atención y asesoramiento excelente. Nada para quejarse.,1,,
Son increíbles las oportunidades que ofrece Segurcoop,1,,
"Muchas gracias por la información, me sirvió para tener más claro que niveles de coberturas hay para asegurar mi Honda Fit.",1,,
"Me sirvio mucho este post, muy interesante. ",1,,
Justo estaba buscando esta informacion. Me sirve mucho lo que escriben. Gracias!,1,,
"Muy buenas empresas las recomendadas, cualquiera es una buena opción.",1,,
Coincide bastante con los comentarios que siempre escucho. Buen post,1,,
Allianz es muy recomendable. Segun mi experiencia,1,,
"Integrity no la conocía, buen artículo! Lo voy a compartir",1,,
Muy fácil la cotización de un seguro. Y muy buenos posts ,1,,
Que interesante este articulo,1,,
"Bastante completo el articulo, gracias",1,,
Genial el articulo! ,1,,
Muy útiles sus consejos. Muchas gracia walter,1,,
"El sistema CLEAS si aplica en tu siniestro, te ahorra mucho tiempo. El articulo es genial",1,,
El articulo es bueno. Informativo y completo,1,,
Con La Caja llamé para solicitar una grúa y me la enviaron en minutos. Buen servicio,1,,
"Yo he estado un montón de años con ellos y bien. Pero es como todo, cuando te hacen falta es cuando realmente se sabe qué tal son.",1,,
Yo estuve con Mapfre con mi anterior coche y todo correcto,1,,
Me parece un servicio completo y recomendable. No tuve que utilizarlo pero me sentía muy tranquila durante mi estancia en Nueva York.,1,,
Encantado si tienes problemas te los solucionan fácilmente,1,,
Claridad y facil gestión. Gracias a Dios no tuvimos que hacer uso del seguro.,1,,
"Rápido, sencillo y útil. Lo utilicé en un viaje a la Isla de Pascua que me hice un esguince y estoy más que satisfecho :)
",1,,
"la atención por correo electrónico fue rápida a pesar de ser tarde por la noche, me brindaron asistencia en un muy buen hospital. Recomiendo ampliamente esta agencia de seguro.",1,,
"Recomendable
Afortunadamente no he tenido que utilizar la póliza en mi viaje pero la contratación ha sido súper fácil, rápida, con coberturas muy completas y a un precio muy competitivo.",1,,
Hace años que contrato los seguros de anulación y asistencia en viaje. Tuve que usar el de anulación en una ocasión por un diagnóstico médico y la gestión fue muy ágil.,1,,
"Excelente servicio, muy atentos y pendientes de todo, usamos el servicio médico en Miami y lograron hacer que nos atendieran rápido y con todo lo necesario para regresar tranquilos a casa",1,,
"Por desgracia tuvimos que utilizar el seguro medico contratado.Todo fueron facilidades,nos atendieron en el propio hotel,por lo que no tuvimos que desplazarnos.Fueron encantadores",1,,
"Recomiendo sin ninguna duda este seguro para cualquier viaje que se realice.

",1,,
"Afortunadamente no hemos usado la políza, pero precio y coberturas excelentes.
",1,,
"las coberturas que dan son muy completas y se adaptan a las necesidades de cada viajero.
Se lo recomiendo a todos mis conocidos que vayan a viajar",1,,
"Todo genial. Les necesité y respondieron inmejorablemente
",1,,
"Tuvimos un percance en Copenhague y se portaron fenomenal de principio a fin.

Siempre viajaremos con ellos!",1,,
"Un seguro fácil de contratar, entendible, fácil de contactar y con un funcionamiento muy efectivo. Todos los trámites para la devolución on line y sin poner pegas.",1,,
Gran seguro !! Y geniales condiciones,1,,
"Siempre viajo con la seguridad que me ofrece esta compañía y la recomiendo a todas mis amistades y conocidos, pues IATI Seguros me ofrece, seguridad, tranquilidad y felicidad.",1,,
"El mejor seguro de viaje que he tenido en mucho tiempo, lo contraté ya para dos viajes y lo tuve que usar en el desierto de Masada en Israel y funcionó a la perfección.
",1,,
" todo el proceso de contratación, información y coberturas me parece muy claro y rápido. Felicitaciones por el post, muy util",1,,
IATI siempre ha sido una gran ayuda y con buena capacidad de respuesta. Buena compañia y buen post!,1,,
"Todo bien, sin problemas
",1,,
"Buen servicio, me pidieron mucha documentación, pero dadas las circustancias me pareció razonable.",1,,
"Me han atendido muy bien, Tuve una caída en Filipinas, y la chica que me atendió estuvo todo el tiempo comunicándose conmigo por WhatsApp durante más de 4 horas que es el tiempo que estuve en urgencias.",1,,
he podido comprobar que funcionan muy bien. No dudare en darme de alta de nuevo cuando viaje. Mi seguro era el de mochilero.,1,,
"Da mucha seguridad viajar con el seguro IATI, te ofrece una amplia cobetura médica",1,,
"La verdad es que todo muy bien, de ahora en adelante contrataré siempre con ellos.",1,,
"Todo fue perfecto para nuestro viaje,no sé ocupó,pero agradezco la atención recibida
",1,,
"comparación entre condiciones, precio y valoraciones de los usuario, es la mejor opción.",1,,
"Buena compañía con buenas coberturas y a muy buen precio.
",1,,
Fácil y cómodo. Todo muy intuitivo y buena calidad-precio.,1,,
Facilidad en la gestión y excelentes coberturas según tu necesidad,1,,
Me enfermé en Nepal y siempre me respondieron de manera efectiva y eficiente,1,,
"Muy buena calidad precio,para viajes puntuales",1,,
Un buen seguro con la cobertura adecuada para cada necesidad y con un buen precio,1,,
Tuve un pequeño incidente con el pie y me atendieron rápido y con mucha profesionalidad.,1,,
Tuve que usarlo por una inflamación de garganta durante mi viaje y me atendieron perfectamente .,1,,
"En menos de una hora me enviaron a un médico que estaba al lado del lugar donde estaba de vacaciones .
Muy contento con el servicio que ofrecen",1,,
He tenido la seguridad siempre del seguro detrás de mí.,1,,
"Más que excelente!!
Me dió un ataque de asma y mi teléfono no funcionaba solo pude conectarme con ellos por emial y me atendieron súper rápido y me dieron indicaciones para que un médico en EE.UU me atendiera de urgencia",1,,
El proceso fue sencillo. El precio correcto y lo más importante. No hizo falta llamarles,1,,
"Un buen seguro. Mejor relación precio-prestaciones que encontré.
",1,,
Muy buena y rápida atención! Repetiré,1,,
Me gustó mucho la atención y el cuidado de mandarme mi póliza y mi recordatorio. Definitivamente lo usaré en mis futuros viajes y lo recomendaré a mis compañeros mochileros.,1,,
Atención perfecta y procedimiento cómodo.,1,,
"Por suerte no hemos tenido que hacer uso de la póliza, pero la contratación fue rápida y muy fácil.",1,,
Excelente precio y servicio impecable.,1,,
"Muy buenos precios, gracias a Dios no he tenido que utilizar la póliza, seguiré comprando con ustedes",1,,
"Se ocuparon de todo, desde solicitar un taxi que me recogiera en el hotel y me llevara directamente al hospital hasta traerme de vuelta unas horas después. Recomendable",1,,
"Excelente compañía de seguro, por no decir la mejor.",1,,
"Muy buena atención y cobertura para viajar al extranjero
",1,,
" el tiempo de respuesta fue inmediato y el servicio perfecto.
Sin duda volveré a contratar con ellos cada vez que viaje, además los precios son muy competitivos.",1,,
Muy satisfecha con el servicio recibido. La compra online facilísima y la atención recibida fué muy efectiva y rápida. ,1,,
La asistencia recibida fue rápida y eficaz. Además de un trato muy amable y cercano.,1,,
"Es genial, lo contratamos mi familia y yo cada vez que viajamos. He de decir que por desgracia hemos tenido que hacer uso de él.",1,,
Lamentablemente lo hemos tenido que usar en varias ocasiones y siempre han respondido con rapidez y eficacia. Nunca hemos tenido ningún problema,1,,
"Utilicé sus servicios en un par de ocasiones y fueron rápidos, atentos y estuvieron pendientes en todo momento",1,,
"Siempre que viajo contrato un seguro de viaje con IATI, y hasta el momento, mi experiencia siempre ha sido positiva

",1,,
"Impecables.
Hemos tenido percances en Filipinas, Japón, Indonesia, Tailandia, Malasia... Y, de verdad, la atención ha sido fabulosa.",1,,
El trato que obtuvimos tanto en el hospital de Manila como telefónicamente desde España fue fabuloso.,1,,
Viajamos 5 años de manera indefinida con ellos y no nos cansaremos de recomendarlos. Excelente servicio,1,,
Muy satisfecho con el trato y la rapidez de actuación.,1,,
"Rápidos y eficientes, en un país tan lejano se agradece. Todas las facilidades y desprenden preocupación por el seguimiento médico. No recomiendo otro seguro. El mejor!",1,,
"Fácil de contratar, buen precio y buenas coberturas.",1,,
"Rapidez, buena relación calidad precio y seriedad.",1,,
Siempre viajo con un seguro de IATI. Este invierno tuve que ir a una clínica en Birmania y fue muy eficiente.,1,,
"Muy satisfecho co IATI, muy rápido y eficiente, muy recomendable. Gracias por el post, muy bueno e informativo.",1,,
"Tuve un problema médico en la República Dominicana y tras mandar un correo me atendieron de una manera rápida y correcta, estando siempre en contacto con el médico.",1,,
"Cogi este seguro para mi viaje a Tailandia, lo tuve que usar por un problema de oido, me atendieron, dieron los medicamentos y no aboné nada. Todo  muy bien",1,,
"Lo he necesitado en dos ocasiones y me han atendido muy rápido y de forma satisfactoria.
",1,,
Muy satisfechos con la atención y trato recibido.,1,,
Seguro muy fácil de gestionar y con una excelente relación calidad precio,1,,
"Este año no lo he llegado a usar en mi último viaje (el año pasado estando en Japón hice uso del seguro y fue una muy buena experiencia), pero me he sentido seguro en todo momento.",1,,
"El mejor del mercado comparando precio y calidad.
Y tambien el mejor en la facilidad de obtenerlo",1,,
"Es económico y lo mejor de este seguro es que no tienes que adelantar el dinero si te pasa algo, para mí eso es muy importante cuando sales.",1,,
"Muy buen precio para todo lo que ofrecen de cobertura tanto médica, legal y/o accidentes con tu vuelo. Te sientes más tranquilo al viajar.",1,,
Es mi seguro siempre que viajo al extranjero. Me da tranquilidad y seguridad.,1,,
No me he tenido que utilizar el seguro pero me han hablado muy bien de él y tiene buenas opiniones,1,,
"en mi viaje a la India si lo utilice, y fenomenal, me atendieron enseguida y al día siguiente me llamaron para ver qué tal estaba por si hacía falta algo más. ",1,,
"Fantastico, me encanto el servicio.",1,,
Es el seguro que siempre cojo cuando salgo de viaje. Es fiable y muy efectivo. Gracias por la informacion que brindan en sus posts,1,,
Tanto la gestión de la contratación como todas las coberturas que incluye y sus facilidades me parecen excelentes.,1,,
Muy bien . Tuve un pequeño accidente en Bali. Me puse en contacto con iati y me facilitaron todo. No tuve que adelantar dinero alguno y en el hospital me atendieron estupendamente.,1,,
"Siempre contratamos con IATI cuando salimos de viaje, una sola vez nos hizo falta y no tenemos queja ninguna... todo perfecto. Muy recomendable",1,,
Muy rápido y seguro. No lo tuvimos que usar osea un éxito,1,,
"El mejor seguro de viaje que he probado.
La atención fue buena, tuve que utilizarlo en dos ocasiones en Tailandia, al llamar antes de ir al médico hizo que IATI pagará todos los gastos sin tener yo que adelantarlo.",1,,
"Recomiendo llamar a IATI antes de ir al médico para que no tengas que adelantar tu los gastos, además de llevar imprimida una copia del seguro cada viajero.",1,,
Por suerte contratamos este seguro para nuestro viaje a Perú ya que uno de los días tuvimos que ir al médico y nos cubrieron todos los costes de la consulta y el tratamiento. Muy recomendable,1,,
"Más que contenta con iati seguros. Tuve un problema de robo de equipaje durante mi viaje a Jordania y ueron muy efectivos y rápidos a la hora de reembolsar. Gracias!
",1,,
"No tuve ningún problema. Todo claro y rápido. Muchas gracias. Sin duda volveré a contratarlo
",1,,
Me encanta como me atienden en esta empresa,1,,
"Aunque no tuve que usar el seguro durante mi viaje, la facilidad por comprar lo que necesitamos fue inmejorable.",1,,
"En realidad no tuve necesidad de usar el seguro, pero manejan muy buen precio y la cobertura es buena!",1,,
Siempre contratamos seguros con Iati para nuestros viajes. Recomendado.,1,,
Compañía muy competente. Volveré a contratar con ellos,1,,
"Buen servicio, fácil y cómodo. Sirve para viajar con tranquilidad",1,,
"Rápido y ágil de contratar.

Buen precio",1,,
"Seguros geniales y económicos, entra todo tipo de percance, afortunadamente no tuve q usarlo pero genial
",1,,
